20-07-2021;68.99;69.73;67.44;69.35
19-07-2021;72.86;73.34;67.75;68.62
16-07-2021;73.18;74.09;72.34;73.59
15-07-2021;74.50;74.59;73.19;73.47
14-07-2021;76.28;76.72;73.79;74.76
13-07-2021;75.25;76.60;74.93;76.49
12-07-2021;75.79;75.84;74.23;75.16
9-07-2021;74.39;75.80;73.80;75.55
8-07-2021;73.35;74.40;72.11;74.12
7-07-2021;74.69;75.99;72.60;73.43
6-07-2021;77.06;77.84;74.13;74.53
5-07-2021;76.23;77.26;75.70;77.16
2-07-2021;75.64;76.43;75.21;76.17
1-07-2021;74.69;76.74;74.55;75.84
30-06-2021;74.60;75.35;73.93;74.62
29-06-2021;74.08;74.99;73.36;74.28
28-06-2021;75.41;75.77;73.93;74.14
25-06-2021;75.54;76.21;74.95;76.18
24-06-2021;75.30;75.78;74.51;75.56
23-06-2021;74.75;76.02;74.70;75.19
22-06-2021;74.88;75.30;74.32;74.81
21-06-2021;73.33;74.95;72.98;74.90
18-06-2021;73.00;73.76;72.18;73.51
17-06-2021;73.80;74.50;72.01;73.08
16-06-2021;74.26;74.96;73.86;74.39
15-06-2021;73.03;74.33;72.79;73.99
14-06-2021;72.70;73.64;72.59;72.86
11-06-2021;72.41;73.09;71.88;72.69
10-06-2021;72.03;72.93;70.95;72.52
9-06-2021;72.17;72.87;71.82;72.22
8-06-2021;71.42;72.42;70.71;72.22
7-06-2021;71.82;72.27;71.10;71.49
4-06-2021;71.25;72.17;70.73;71.89
3-06-2021;71.27;71.99;70.66;71.31
2-06-2021;70.55;71.48;70.35;71.35
1-06-2021;69.39;71.34;69.29;70.25
31-05-2021;68.98;69.82;68.75;69.32
28-05-2021;69.47;69.74;68.57;68.72
27-05-2021;68.66;69.26;67.96;69.20
26-05-2021;68.39;68.95;67.88;68.73
25-05-2021;68.48;68.78;67.75;68.49
24-05-2021;66.66;68.55;66.39;68.37
21-05-2021;65.22;66.94;64.57;66.44
20-05-2021;66.63;67.17;64.80;65.11
19-05-2021;68.41;68.46;65.30;66.66
18-05-2021;69.61;70.24;67.28;68.71
17-05-2021;68.92;69.62;68.18;69.46
14-05-2021;67.00;68.89;66.50;68.71
13-05-2021;68.88;69.04;66.48;67.05
12-05-2021;68.78;69.90;68.18;69.32
11-05-2021;68.29;68.75;67.13;68.55
10-05-2021;68.74;69.20;67.41;68.32
7-05-2021;68.26;68.65;67.39;68.28
6-05-2021;68.47;69.37;67.93;68.09
5-05-2021;69.35;69.95;68.35;68.96
4-05-2021;67.75;69.50;67.37;68.88
3-05-2021;66.70;67.82;66.10;67.56
30-04-2021;67.90;67.97;66.25;66.76
29-04-2021;66.67;68.44;66.64;68.05
28-04-2021;66.05;67.37;65.54;66.78
27-04-2021;65.30;66.22;65.08;65.87
26-04-2021;65.37;65.57;63.93;65.03
23-04-2021;65.80;66.30;65.16;66.11
22-04-2021;65.13;65.83;64.58;65.40
21-04-2021;66.22;66.52;64.96;65.32
20-04-2021;67.20;68.08;65.51;66.57
19-04-2021;66.70;67.23;66.17;67.05
16-04-2021;66.86;67.38;66.44;66.77
15-04-2021;66.38;67.03;65.95;66.94
14-04-2021;64.01;66.90;63.88;66.58
13-04-2021;63.24;64.19;63.18;63.67
12-04-2021;63.03;64.31;62.41;63.28
9-04-2021;63.28;63.49;62.57;62.95
8-04-2021;63.02;63.43;62.38;63.20
7-04-2021;62.60;63.55;61.60;63.16
6-04-2021;62.32;64.28;62.08;62.74
5-04-2021;64.57;64.81;61.25;62.15
1-04-2021;63.12;65.17;62.38;64.86
31-03-2021;63.95;64.83;62.53;62.74
30-03-2021;65.39;65.39;63.50;64.17
29-03-2021;64.43;65.34;63.01;64.92
26-03-2021;62.01;64.89;61.85;64.57
25-03-2021;63.99;64.19;60.98;61.95
24-03-2021;60.50;64.57;60.47;64.41
23-03-2021;64.30;64.30;60.27;60.79
22-03-2021;64.53;65.12;63.45;64.62
19-03-2021;62.99;64.95;62.07;64.53
18-03-2021;67.77;68.15;61.45;63.28
17-03-2021;68.39;68.89;66.96;68.00
16-03-2021;68.81;68.94;67.36;68.39
15-03-2021;69.08;70.03;67.82;68.88
12-03-2021;69.59;69.90;69.03;69.22
11-03-2021;68.45;69.84;67.99;69.63
10-03-2021;67.46;68.42;66.50;67.90
9-03-2021;68.13;69.33;67.12;67.52
8-03-2021;69.97;71.38;67.80;68.24
5-03-2021;67.16;69.69;66.67;69.36
4-03-2021;64.10;67.75;63.33;66.74
3-03-2021;62.38;64.70;62.38;64.07
2-03-2021;63.12;64.13;62.38;62.70
1-03-2021;64.85;65.93;63.17;63.69
26-02-2021;66.05;66.05;64.25;64.42
25-02-2021;66.45;66.82;65.63;66.11
24-02-2021;64.19;66.47;63.93;66.18
23-02-2021;64.72;65.83;63.59;64.48
22-02-2021;62.10;64.97;61.80;64.36
19-02-2021;63.30;63.94;62.09;62.91
18-02-2021;65.02;65.52;63.22;63.93
17-02-2021;63.15;64.96;62.73;64.34
16-02-2021;63.47;63.70;62.69;63.35
15-02-2021;62.83;63.76;62.82;63.30
12-02-2021;60.82;62.83;60.35;62.43
11-02-2021;61.01;61.50;60.72;61.14
10-02-2021;61.21;61.69;60.87;61.47
9-02-2021;60.80;61.34;60.05;61.09
8-02-2021;59.43;60.72;59.43;60.56
5-02-2021;59.17;59.79;59.08;59.34
4-02-2021;58.59;59.12;58.04;58.84
3-02-2021;57.85;58.94;57.50;58.46
2-02-2021;56.35;58.05;56.33;57.46
1-02-2021;54.91;56.53;54.60;56.35
29-01-2021;55.04;56.02;54.90;55.04
28-01-2021;55.18;56.22;54.91;55.10
27-01-2021;55.84;56.19;54.94;55.53
26-01-2021;55.74;56.09;55.18;55.64
25-01-2021;55.11;55.82;54.89;55.68
22-01-2021;56.00;56.03;54.48;55.41
21-01-2021;55.82;56.24;55.49;56.10
20-01-2021;56.07;56.64;55.66;56.08
19-01-2021;55.01;56.08;54.89;55.90
18-01-2021;54.75;55.21;54.49;54.75
15-01-2021;56.41;56.50;54.64;55.10
14-01-2021;55.93;56.57;55.24;56.42
13-01-2021;56.83;57.42;55.77;56.06
12-01-2021;55.66;56.79;55.51;56.58
11-01-2021;56.24;56.39;54.99;55.66
8-01-2021;54.56;56.36;54.34;55.99
7-01-2021;54.13;54.90;53.94;54.38
6-01-2021;53.52;54.73;53.02;54.30
5-01-2021;50.95;53.90;50.70;53.60
4-01-2021;51.50;53.33;50.56;51.09
31-12-2020;51.49;51.84;50.90;51.80
30-12-2020;51.39;51.92;50.94;51.63
29-12-2020;51.03;51.69;50.96;51.23
28-12-2020;51.32;52.05;50.59;50.90
24-12-2020;51.12;51.78;50.69;51.34
23-12-2020;49.79;51.62;49.29;51.24
22-12-2020;50.65;50.86;49.56;50.08
21-12-2020;52.22;52.32;49.20;50.91
18-12-2020;51.43;52.48;51.13;52.26
17-12-2020;51.12;51.90;51.08;51.50
16-12-2020;50.64;51.20;50.34;51.08
15-12-2020;50.30;50.89;49.78;50.76
14-12-2020;50.05;50.80;49.13;50.29
11-12-2020;50.45;50.74;49.74;49.97
10-12-2020;49.00;51.06;48.86;50.25
9-12-2020;48.84;49.55;48.40;48.86
8-12-2020;48.58;49.00;48.09;48.84
7-12-2020;49.23;49.43;48.40;48.79
4-12-2020;48.96;49.92;48.84;49.25
3-12-2020;48.00;48.94;47.67;48.71
2-12-2020;47.05;48.76;46.82;48.25
1-12-2020;47.79;48.30;46.88;47.42
30-11-2020;47.90;48.29;47.07;47.88
27-11-2020;47.87;48.46;47.34;48.25
26-11-2020;48.70;49.00;47.49;47.79
25-11-2020;47.72;48.96;47.64;48.53
24-11-2020;45.90;48.00;45.87;47.78
23-11-2020;45.20;46.15;45.00;46.04
20-11-2020;44.15;45.24;44.05;44.96
19-11-2020;43.96;44.57;43.79;44.20
18-11-2020;43.75;44.89;43.48;44.34
17-11-2020;43.89;44.25;43.08;43.75
16-11-2020;42.71;44.67;42.71;43.82
13-11-2020;43.20;43.34;42.63;42.78
12-11-2020;43.73;44.50;43.26;43.53
11-11-2020;43.77;45.30;43.60;43.80
10-11-2020;41.75;44.11;41.71;43.61
9-11-2020;39.65;43.48;39.46;42.40
6-11-2020;40.63;40.69;39.34;39.45
5-11-2020;40.96;41.53;40.33;40.93
4-11-2020;40.13;41.33;39.42;41.23
3-11-2020;39.26;40.45;38.65;39.71
2-11-2020;37.37;39.36;35.74;38.97
30-10-2020;38.22;38.71;37.40;37.94
29-10-2020;39.71;39.97;37.26;38.26
28-10-2020;41.04;41.11;39.23;39.64
27-10-2020;40.83;41.88;40.79;41.61
26-10-2020;41.83;41.92;40.59;40.81
23-10-2020;42.40;42.80;41.50;41.77
22-10-2020;41.59;42.79;41.46;42.46
21-10-2020;42.91;43.04;41.45;41.73
20-10-2020;42.45;43.30;42.19;43.16
19-10-2020;42.69;43.23;42.36;42.62
16-10-2020;43.10;43.21;42.27;42.93
15-10-2020;43.45;43.48;41.56;43.16
14-10-2020;42.43;43.45;42.13;43.32
13-10-2020;41.81;42.68;41.66;42.45
12-10-2020;42.60;42.71;41.36;41.72
9-10-2020;43.36;43.57;42.61;42.85
8-10-2020;42.15;43.47;41.86;43.34
7-10-2020;41.85;42.42;41.36;41.99
6-10-2020;41.41;42.84;41.22;42.65
5-10-2020;39.19;41.78;39.14;41.29
2-10-2020;40.65;40.77;38.79;39.27
1-10-2020;42.17;42.56;39.92;40.93
30-09-2020;41.36;42.49;40.82;42.30
29-09-2020;42.91;42.97;40.84;41.56
28-09-2020;42.21;43.03;41.95;42.87
25-09-2020;41.85;42.33;41.52;41.92
24-09-2020;41.36;42.02;41.27;41.94
23-09-2020;41.67;42.62;41.21;41.77
22-09-2020;41.79;42.20;41.21;41.72
21-09-2020;43.01;43.30;40.96;41.44
18-09-2020;43.22;43.80;42.53;43.15
17-09-2020;42.32;43.50;41.50;43.30
16-09-2020;40.72;42.44;40.59;42.22
15-09-2020;39.70;40.82;39.39;40.53
14-09-2020;39.78;40.09;39.30;39.61
11-09-2020;39.96;40.34;39.38;39.83
10-09-2020;40.58;40.96;39.71;40.06
9-09-2020;39.65;41.20;39.37;40.79
8-09-2020;42.08;42.23;39.31;39.78
7-09-2020;42.20;42.43;41.51;42.01
4-09-2020;43.76;44.54;42.30;42.66
3-09-2020;44.65;44.65;43.15;44.07
2-09-2020;45.83;46.05;44.20;44.43
1-09-2020;45.60;46.22;45.47;45.58
31-08-2020;45.80;46.53;45.21;45.28
28-08-2020;45.63;45.94;45.33;45.81
27-08-2020;46.19;46.33;45.05;45.60
26-08-2020;46.40;46.54;46.02;46.16
25-08-2020;45.64;46.52;45.58;46.29
24-08-2020;44.90;45.69;44.86;45.64
21-08-2020;45.03;45.08;43.59;44.35
20-08-2020;45.14;45.18;44.02;44.90
19-08-2020;45.17;45.48;44.81;45.37
18-08-2020;45.27;45.55;44.76;45.46
17-08-2020;44.86;45.41;44.53;45.37
14-08-2020;45.29;45.29;44.47;44.80
13-08-2020;45.32;45.58;44.82;44.96
12-08-2020;44.62;45.63;44.49;45.43
11-08-2020;45.05;45.79;44.39;44.50
10-08-2020;44.66;45.26;44.37;44.99
7-08-2020;45.15;45.30;44.27;44.40
6-08-2020;45.32;45.71;44.85;45.09
5-08-2020;44.28;46.23;44.24;45.17
4-08-2020;43.84;44.82;43.24;44.43
3-08-2020;43.53;44.46;42.89;44.15
31-07-2020;43.68;43.79;42.92;43.52
30-07-2020;44.02;44.22;41.72;43.25
29-07-2020;43.69;44.29;43.56;44.09
28-07-2020;44.03;44.34;43.40;43.61
27-07-2020;43.80;44.20;42.93;43.90
24-07-2020;43.27;43.90;42.79;43.34
23-07-2020;44.10;44.77;43.13;43.31
22-07-2020;44.03;44.40;43.62;44.29
21-07-2020;43.17;44.89;43.16;44.32
20-07-2020;43.08;43.45;42.36;43.28
17-07-2020;43.40;43.45;42.64;43.14
16-07-2020;43.71;43.80;43.14;43.37
15-07-2020;43.07;43.85;42.70;43.79
14-07-2020;42.24;43.22;41.80;42.90
13-07-2020;43.12;43.34;42.14;42.72
10-07-2020;42.36;43.42;41.32;43.24
9-07-2020;43.30;43.50;41.94;42.35
8-07-2020;42.81;43.47;42.75;43.29
7-07-2020;43.13;43.45;42.46;43.08
6-07-2020;42.79;43.71;42.74;43.10
3-07-2020;42.76;42.99;42.32;42.80
2-07-2020;41.84;43.23;41.73;43.14
1-07-2020;41.58;42.62;41.03;42.03
30-06-2020;41.77;41.98;40.99;41.27
29-06-2020;40.50;42.00;40.01;41.85
26-06-2020;41.44;41.81;40.29;41.02
25-06-2020;40.35;41.64;39.47;41.05
24-06-2020;42.45;42.89;39.63;40.31
23-06-2020;43.21;43.93;42.21;42.63
22-06-2020;41.74;43.18;41.58;43.08
19-06-2020;41.72;42.92;41.03;42.19
18-06-2020;40.43;41.64;40.06;41.51
17-06-2020;40.61;41.46;40.03;40.71
16-06-2020;39.94;41.65;38.95;40.96
15-06-2020;38.80;39.90;37.24;39.72
12-06-2020;37.88;39.45;37.01;38.73
11-06-2020;40.95;41.01;37.82;38.55
10-06-2020;40.72;41.99;40.14;41.73
9-06-2020;41.10;41.45;39.85;41.18
8-06-2020;42.40;43.41;40.68;40.80
5-06-2020;39.84;42.48;39.72;42.30
4-06-2020;39.60;40.10;39.04;39.99
3-06-2020;39.75;40.53;38.76;39.79
2-06-2020;38.34;39.75;38.26;39.57
1-06-2020;37.56;38.68;37.18;38.32
29-05-2020;36.03;38.17;34.84;37.84
28-05-2020;34.63;36.63;34.35;36.03
27-05-2020;35.93;36.16;33.98;34.74
26-05-2020;35.66;36.68;35.26;36.17
25-05-2020;34.98;35.97;34.46;35.53
22-05-2020;36.18;36.23;33.54;35.13
21-05-2020;35.82;36.98;35.75;36.06
20-05-2020;34.45;36.46;34.38;35.75
19-05-2020;35.66;35.76;34.20;34.65
18-05-2020;32.78;35.72;32.69;34.81
15-05-2020;31.52;32.91;30.94;32.50
14-05-2020;29.52;31.55;28.88;31.13
13-05-2020;29.35;30.55;28.86;29.19
12-05-2020;30.07;30.70;29.35;29.98
11-05-2020;30.70;31.47;29.35;29.63
8-05-2020;29.60;31.14;29.43;30.97
7-05-2020;29.64;31.84;29.08;29.46
6-05-2020;32.27;32.27;28.66;29.72
5-05-2020;28.10;32.06;27.77;30.97
4-05-2020;26.10;28.08;25.50;27.20
1-05-2020;26.95;27.88;25.76;26.44
30-04-2020;24.53;27.00;24.41;26.48
29-04-2020;22.93;25.23;22.73;24.23
28-04-2020;22.82;23.79;21.92;22.74
27-04-2020;24.87;25.12;22.50;23.07
24-04-2020;21.93;22.70;20.50;21.44
23-04-2020;20.89;23.22;20.07;21.33
22-04-2020;20.23;22.45;15.98;20.37
21-04-2020;26.33;26.50;17.51;19.33
20-04-2020;28.05;28.25;25.37;25.57
17-04-2020;28.66;28.93;27.58;28.08
16-04-2020;28.05;29.00;27.20;27.82
15-04-2020;30.26;30.33;27.16;27.69
14-04-2020;32.25;32.32;29.38;29.60
13-04-2020;33.99;33.99;30.63;31.74
9-04-2020;33.82;36.40;31.18;31.48
8-04-2020;32.63;33.87;31.54;32.84
7-04-2020;33.66;34.18;31.74;31.87
6-04-2020;31.76;34.24;30.03;33.05
3-04-2020;29.89;35.00;28.25;34.11
2-04-2020;25.61;36.29;25.45;29.94
1-04-2020;25.99;26.28;24.52;24.74
31-03-2020;26.42;27.91;25.69;26.35
30-03-2020;27.30;27.53;25.30;26.42
27-03-2020;26.68;27.00;24.13;24.93
26-03-2020;27.35;27.75;26.03;26.34
25-03-2020;27.80;28.29;25.68;27.39
24-03-2020;27.72;28.65;26.69;27.15
23-03-2020;26.75;27.54;24.68;27.03
20-03-2020;28.10;30.94;26.81;26.98
19-03-2020;27.19;29.42;24.96;28.47
18-03-2020;28.40;29.21;24.52;24.88
17-03-2020;30.14;31.25;28.50;28.73
16-03-2020;35.82;35.84;29.45;30.05
13-03-2020;32.85;36.15;32.50;33.85
12-03-2020;35.99;36.46;32.50;33.22
11-03-2020;37.27;39.70;35.35;35.79
10-03-2020;35.84;38.22;35.00;37.22
9-03-2020;38.28;38.34;31.02;34.36
6-03-2020;50.25;50.45;45.18;45.27
5-03-2020;51.66;52.04;49.70;49.99
4-03-2020;52.11;53.03;51.04;51.13
3-03-2020;53.47;53.90;51.22;51.86
2-03-2020;48.95;53.20;48.40;51.90
28-02-2020;51.08;51.14;48.94;49.67
27-02-2020;52.54;52.65;50.39;51.73
26-02-2020;54.41;54.78;52.39;52.81
25-02-2020;55.95;56.38;53.94;54.26
24-02-2020;57.00;57.26;54.60;55.77
21-02-2020;59.00;59.25;57.73;58.50
20-02-2020;59.31;60.00;58.90;59.31
19-02-2020;57.60;59.40;57.51;59.12
18-02-2020;57.35;57.83;56.30;57.75
17-02-2020;57.13;57.70;56.84;57.55
14-02-2020;56.41;57.53;56.15;57.32
13-02-2020;55.75;56.83;54.96;56.34
12-02-2020;54.41;56.36;54.39;55.79
11-02-2020;53.62;54.69;53.60;54.01
10-02-2020;54.20;54.71;53.11;53.27
7-02-2020;55.14;55.40;54.21;54.47
6-02-2020;55.56;56.58;54.25;54.93
5-02-2020;54.05;56.46;54.05;55.28
4-02-2020;54.33;55.65;53.69;53.96
3-02-2020;56.16;56.77;54.08;54.45
31-01-2020;58.20;58.58;55.93;56.62
30-01-2020;58.71;58.75;56.74;57.33
29-01-2020;59.02;59.84;58.38;58.91
28-01-2020;58.24;59.39;57.90;58.81
27-01-2020;60.16;60.16;57.74;58.58
24-01-2020;62.01;62.46;60.25;60.69
23-01-2020;62.68;62.69;61.25;62.04
22-01-2020;64.57;64.58;62.62;63.21
21-01-2020;65.26;65.35;64.06;64.59
20-01-2020;65.98;66.00;64.92;65.20
17-01-2020;64.69;65.60;64.48;64.85
16-01-2020;64.26;64.97;63.90;64.62
15-01-2020;64.44;64.60;63.55;64.00
14-01-2020;64.29;65.05;63.92;64.49
13-01-2020;65.13;65.27;63.92;64.20
10-01-2020;65.29;65.66;64.86;64.98
9-01-2020;66.00;66.10;64.56;65.37
8-01-2020;71.22;71.75;64.94;65.44
7-01-2020;68.63;68.75;67.65;68.27
6-01-2020;69.35;70.74;68.21;68.91
3-01-2020;66.28;69.50;66.22;68.60
2-01-2020;66.41;66.58;65.72;66.25
31-12-2019;66.65;66.93;65.63;66.00
30-12-2019;66.90;67.59;66.07;66.67
27-12-2019;67.91;68.33;67.57;68.16
26-12-2019;67.27;67.99;67.22;67.92
24-12-2019;66.44;67.26;66.36;67.20
23-12-2019;66.15;66.62;65.81;66.39
20-12-2019;66.56;66.72;65.70;66.14
19-12-2019;66.19;66.78;66.03;66.54
18-12-2019;65.84;66.43;65.56;66.17
17-12-2019;65.31;66.24;65.12;66.10
16-12-2019;65.05;65.66;64.88;65.34
13-12-2019;64.56;65.79;64.50;65.22
12-12-2019;63.90;64.85;63.87;64.20
11-12-2019;64.00;64.26;63.01;63.72
10-12-2019;64.03;64.69;63.78;64.34
9-12-2019;64.29;64.50;63.61;64.25
6-12-2019;63.41;64.88;62.83;64.39
5-12-2019;62.97;63.91;62.75;63.39
4-12-2019;61.08;63.51;61.00;63.00
3-12-2019;61.05;61.58;60.30;60.82
2-12-2019;60.73;62.09;60.72;60.92
29-11-2019;63.20;63.20;60.35;60.49
28-11-2019;62.84;63.35;62.51;63.27
27-11-2019;62.96;63.58;62.46;63.01
26-11-2019;62.68;63.26;62.42;63.21
25-11-2019;62.69;62.75;61.91;62.62
22-11-2019;63.62;64.27;62.98;63.39
21-11-2019;62.22;64.03;61.92;63.97
20-11-2019;60.94;62.80;60.30;62.40
19-11-2019;62.28;62.57;60.70;60.91
18-11-2019;63.36;63.57;61.94;62.44
15-11-2019;62.47;63.65;61.70;63.30
14-11-2019;62.61;63.21;62.15;62.28
13-11-2019;61.85;62.74;61.22;62.37
12-11-2019;62.11;62.85;61.82;62.06
11-11-2019;62.60;62.76;61.57;62.18
8-11-2019;62.29;62.70;60.66;62.51
7-11-2019;61.73;62.89;61.65;62.29
6-11-2019;62.78;63.32;61.59;61.74
5-11-2019;62.04;63.19;61.85;62.96
4-11-2019;61.80;62.78;61.28;62.13
1-11-2019;59.45;61.82;59.40;61.69
31-10-2019;60.22;60.81;59.20;59.62
30-10-2019;61.23;61.55;60.02;60.24
29-10-2019;61.61;61.98;60.66;61.59
28-10-2019;62.04;62.34;61.19;61.57
25-10-2019;61.50;62.11;60.93;62.02
24-10-2019;60.99;61.90;60.64;61.67
23-10-2019;59.48;61.30;58.85;61.17
22-10-2019;59.05;60.26;58.75;59.70
21-10-2019;59.23;59.55;58.26;58.96
18-10-2019;59.78;60.29;59.01;59.42
17-10-2019;58.99;60.04;58.69;59.91
16-10-2019;58.90;59.75;58.36;59.42
15-10-2019;59.30;59.68;58.00;58.74
14-10-2019;60.69;60.73;58.50;59.35
11-10-2019;59.53;60.69;59.21;60.51
10-10-2019;58.04;59.60;57.80;59.10
9-10-2019;58.02;59.35;57.91;58.32
8-10-2019;58.47;58.92;57.38;58.24
7-10-2019;58.02;59.68;58.02;58.35
4-10-2019;57.69;58.96;57.67;58.37
3-10-2019;57.54;57.99;56.15;57.71
2-10-2019;59.25;59.50;57.22;57.69
1-10-2019;59.38;60.10;58.41;58.89
30-09-2019;61.45;61.54;59.19;59.25
27-09-2019;62.48;62.75;60.76;61.91
26-09-2019;62.58;62.92;61.45;62.74
25-09-2019;62.44;62.81;61.23;62.39
24-09-2019;64.40;64.60;62.30;63.10
23-09-2019;65.23;65.50;63.53;64.77
20-09-2019;65.00;65.28;64.05;64.28
19-09-2019;63.51;65.57;63.46;64.40
18-09-2019;64.23;64.99;63.04;63.60
17-09-2019;68.15;69.26;63.55;64.55
16-09-2019;66.45;71.95;64.75;69.02
13-09-2019;60.45;60.81;59.60;60.22
12-09-2019;61.16;61.39;58.92;60.38
11-09-2019;62.88;63.27;60.52;60.81
10-09-2019;62.82;63.78;62.17;62.38
9-09-2019;61.60;63.00;61.57;62.59
6-09-2019;60.81;61.88;59.40;61.54
5-09-2019;60.49;62.40;60.25;60.95
4-09-2019;58.17;60.96;58.13;60.70
3-09-2019;58.54;58.87;57.23;58.26
2-09-2019;58.80;59.26;58.10;58.66
30-08-2019;60.34;60.62;58.48;59.25
29-08-2019;59.89;60.60;59.42;60.49
28-08-2019;59.58;60.48;59.32;59.93
27-08-2019;58.26;59.70;58.06;59.03
26-08-2019;57.96;59.61;57.74;58.12
23-08-2019;60.11;60.29;58.30;59.34
22-08-2019;60.43;60.89;59.47;59.92
21-08-2019;60.11;61.41;60.07;60.30
20-08-2019;59.68;60.32;58.95;60.03
19-08-2019;58.72;59.92;58.64;59.74
16-08-2019;58.41;59.50;58.28;58.64
15-08-2019;59.07;59.42;57.67;58.23
14-08-2019;61.07;61.08;58.21;59.48
13-08-2019;58.47;61.50;58.00;61.30
12-08-2019;58.30;58.88;57.88;58.57
9-08-2019;57.74;59.10;57.11;58.53
8-08-2019;57.48;58.01;56.77;57.38
7-08-2019;58.68;59.23;55.88;56.23
6-08-2019;59.56;60.56;58.55;58.94
5-08-2019;61.46;61.56;59.66;59.81
2-08-2019;61.16;62.95;60.98;61.89
1-08-2019;64.09;64.54;60.02;60.50
31-07-2019;64.86;65.43;64.17;65.05
30-07-2019;63.80;65.10;63.78;64.63
29-07-2019;63.23;63.82;62.85;63.62
26-07-2019;63.28;63.96;63.01;63.46
25-07-2019;63.21;64.23;63.01;63.39
24-07-2019;64.13;64.66;62.59;63.18
23-07-2019;63.26;64.46;62.66;63.83
22-07-2019;63.05;64.03;62.77;63.26
19-07-2019;62.50;63.37;61.83;62.47
18-07-2019;63.52;64.46;61.29;61.93
17-07-2019;64.44;65.28;63.22;63.66
16-07-2019;66.31;67.09;63.82;64.35
15-07-2019;66.87;67.47;66.11;66.48
12-07-2019;66.83;67.29;66.51;66.72
11-07-2019;66.81;67.65;66.43;66.52
10-07-2019;64.78;67.12;64.63;67.01
9-07-2019;63.81;64.75;63.76;64.16
8-07-2019;64.34;65.14;63.79;64.11
5-07-2019;63.27;64.52;62.91;64.23
4-07-2019;63.88;64.07;62.95;63.30
3-07-2019;62.90;64.01;62.09;63.82
2-07-2019;64.80;65.51;62.22;62.40
1-07-2019;65.05;66.75;64.22;65.06
28-06-2019;65.53;65.91;64.02;64.74
27-06-2019;65.16;65.96;64.85;65.67
26-06-2019;65.10;66.02;64.77;65.69
25-06-2019;64.22;65.20;63.50;64.28
24-06-2019;64.75;65.02;63.37;64.18
21-06-2019;64.86;65.76;64.00;65.20
20-06-2019;62.45;64.82;62.40;64.45
19-06-2019;62.40;62.55;61.40;61.82
18-06-2019;60.93;62.84;60.25;62.14
17-06-2019;62.07;62.37;60.74;60.94
14-06-2019;61.25;62.57;60.74;62.01
13-06-2019;59.94;62.64;59.78;61.31
12-06-2019;61.79;61.85;59.57;59.97
11-06-2019;62.30;62.87;62.01;62.29
10-06-2019;63.58;64.10;62.05;62.29
7-06-2019;62.40;63.59;61.77;63.29
6-06-2019;60.40;62.43;60.22;61.67
5-06-2019;61.58;62.27;59.45;60.63
4-06-2019;61.00;62.12;60.21;61.97
3-06-2019;61.64;62.84;60.55;61.28
31-05-2019;64.86;64.91;61.39;61.99
30-05-2019;68.00;68.34;64.96;65.33
29-05-2019;68.51;68.62;66.67;67.87
28-05-2019;68.78;69.23;68.19;68.67
27-05-2019;68.00;68.87;67.28;68.77
24-05-2019;67.99;69.30;67.33;68.69
23-05-2019;70.86;70.97;67.02;67.76
22-05-2019;71.91;72.04;70.42;70.99
21-05-2019;72.15;72.52;71.63;72.18
20-05-2019;72.50;73.40;71.60;71.97
17-05-2019;72.82;73.23;71.79;72.21
16-05-2019;72.05;73.36;71.82;72.62
15-05-2019;70.90;72.25;70.42;71.77
14-05-2019;70.02;71.65;69.93;71.24
13-05-2019;70.83;72.58;69.72;70.23
10-05-2019;70.45;71.23;70.18;70.62
9-05-2019;70.23;70.65;69.40;70.39
8-05-2019;69.88;70.70;69.33;70.37
7-05-2019;71.15;71.33;69.38;69.88
6-05-2019;70.59;71.79;68.79;71.24
3-05-2019;70.48;71.54;69.95;70.85
2-05-2019;72.00;72.22;69.68;70.75
1-05-2019;71.73;72.36;71.30;72.18
30-04-2019;71.44;72.79;71.19;72.06
29-04-2019;71.09;72.00;70.63;71.54
26-04-2019;74.20;74.42;71.30;72.15
25-04-2019;74.46;75.60;74.00;74.35
24-04-2019;74.27;74.73;74.02;74.57
23-04-2019;74.38;74.73;73.99;74.51
22-04-2019;71.93;74.52;71.86;74.04
18-04-2019;71.63;72.04;71.20;71.97
17-04-2019;71.83;72.27;71.45;71.62
16-04-2019;71.21;71.95;70.74;71.72
15-04-2019;71.55;71.60;70.78;71.18
12-04-2019;70.95;71.87;70.90;71.55
11-04-2019;71.56;71.68;70.57;70.83
10-04-2019;70.82;71.78;70.57;71.73
9-04-2019;71.19;71.34;70.30;70.61
8-04-2019;70.56;71.19;70.43;71.10
5-04-2019;69.13;70.48;68.92;70.34
4-04-2019;69.44;70.03;68.87;69.40
3-04-2019;69.47;69.96;68.80;69.31
2-04-2019;69.22;69.58;68.69;69.37
1-04-2019;67.58;69.22;67.58;69.01
29-03-2019;67.29;68.30;67.15;67.58
28-03-2019;67.11;67.32;65.93;67.10
27-03-2019;67.35;67.70;66.61;67.24
26-03-2019;66.88;67.77;66.85;67.43
25-03-2019;66.75;67.27;66.05;66.81
22-03-2019;67.76;67.98;66.20;67.03
21-03-2019;68.38;68.69;67.59;67.86
20-03-2019;67.66;68.57;67.19;68.50
19-03-2019;67.49;68.20;67.13;67.61
18-03-2019;67.14;67.69;66.69;67.54
15-03-2019;67.18;67.71;66.13;67.16
14-03-2019;67.65;68.14;67.03;67.23
13-03-2019;66.91;67.76;66.70;67.55
12-03-2019;66.70;67.39;66.34;66.67
11-03-2019;65.76;66.75;65.63;66.58
8-03-2019;66.08;66.09;64.02;65.74
7-03-2019;65.88;67.00;65.75;66.30
6-03-2019;65.49;66.18;65.22;65.99
5-03-2019;65.46;66.23;65.04;65.86
4-03-2019;64.97;66.34;64.93;65.67
1-03-2019;66.48;67.14;64.59;65.07
28-02-2019;66.52;66.78;65.90;66.31
27-02-2019;65.91;66.88;65.42;66.58
26-02-2019;64.92;65.88;64.49;65.36
25-02-2019;67.09;67.61;64.70;64.91
22-02-2019;66.96;67.73;66.87;67.12
21-02-2019;67.05;67.31;66.69;67.07
20-02-2019;66.30;67.38;65.63;67.08
19-02-2019;66.44;66.65;65.58;66.45
18-02-2019;66.39;66.83;65.90;66.50
15-02-2019;64.86;66.39;64.42;66.25
14-02-2019;63.69;64.81;63.25;64.57
13-02-2019;62.70;63.98;62.69;63.61
12-02-2019;61.59;63.34;61.59;62.42
11-02-2019;62.11;62.34;60.90;61.51
8-02-2019;61.66;62.36;61.04;62.10
7-02-2019;62.50;62.91;60.60;61.63
6-02-2019;62.06;62.80;61.05;62.69
5-02-2019;62.64;63.02;61.72;61.98
4-02-2019;62.83;63.63;61.28;62.51
1-02-2019;61.06;62.97;60.46;62.75
31-01-2019;61.70;62.46;60.63;60.84
30-01-2019;61.07;62.51;60.96;61.54
29-01-2019;59.69;61.69;59.61;61.20
28-01-2019;61.48;61.63;59.40;59.81
25-01-2019;61.13;61.92;60.70;61.64
24-01-2019;61.02;61.51;60.41;61.09
23-01-2019;61.37;62.33;60.21;61.14
22-01-2019;62.59;62.71;60.57;61.50
21-01-2019;62.74;63.15;62.25;62.74
18-01-2019;61.33;63.00;61.32;62.70
17-01-2019;61.05;61.54;60.04;61.18
16-01-2019;60.42;61.45;60.03;61.32
15-01-2019;59.36;60.86;59.11;60.64
14-01-2019;60.62;61.04;58.90;58.99
11-01-2019;61.19;62.49;60.08;60.48
10-01-2019;61.15;61.91;60.44;61.68
9-01-2019;59.15;61.69;59.05;61.44
8-01-2019;57.64;58.87;57.13;58.72
7-01-2019;57.41;58.93;57.26;57.33
4-01-2019;55.67;58.31;55.34;57.06
3-01-2019;54.29;56.30;53.93;55.95
2-01-2019;54.12;56.56;52.51;54.91
31-12-2018;53.00;54.82;52.66;53.80
28-12-2018;53.96;54.41;52.00;53.21
27-12-2018;54.99;54.99;52.51;52.73
26-12-2018;51.33;55.59;50.22;54.76
24-12-2018;53.80;54.90;50.65;50.77
21-12-2018;54.97;55.33;52.79;53.82
20-12-2018;56.49;56.75;54.28;54.35
19-12-2018;56.51;58.11;56.04;57.24
18-12-2018;59.00;59.24;55.89;56.26
17-12-2018;60.25;61.21;58.64;59.61
14-12-2018;61.53;61.58;59.92;60.28
13-12-2018;60.29;62.02;59.33;61.45
12-12-2018;60.67;61.43;59.98;60.15
11-12-2018;59.91;61.10;59.58;60.20
10-12-2018;61.34;62.33;59.61;59.97
7-12-2018;60.25;63.73;59.10;61.67
6-12-2018;61.36;61.97;58.36;60.06
5-12-2018;61.35;63.29;60.80;61.56
4-12-2018;61.90;63.58;61.24;62.08
3-12-2018;59.98;62.60;59.85;61.69
30-11-2018;59.76;60.42;58.04;59.46
29-11-2018;59.45;60.72;57.78;59.91
28-11-2018;60.84;61.42;58.86;59.09
27-11-2018;60.49;61.51;59.11;60.40
26-11-2018;59.19;61.22;58.83;60.56
23-11-2018;62.58;62.79;58.41;58.80
22-11-2018;63.60;63.81;62.27;62.60
21-11-2018;62.60;64.48;62.56;63.48
20-11-2018;66.90;66.90;61.71;62.53
19-11-2018;66.99;67.64;65.27;66.79
16-11-2018;66.68;68.38;66.06;66.76
15-11-2018;66.12;67.42;65.77;66.62
14-11-2018;65.62;67.63;65.02;66.12
13-11-2018;69.13;69.68;64.61;65.47
12-11-2018;70.69;71.88;68.87;70.12
9-11-2018;70.87;70.99;69.13;70.18
8-11-2018;72.10;73.08;70.56;70.65
7-11-2018;71.66;73.55;71.36;72.07
6-11-2018;72.85;73.28;71.18;72.13
5-11-2018;72.85;74.13;72.26;73.17
2-11-2018;72.75;73.50;72.16;72.83
1-11-2018;74.69;74.99;72.56;72.89
31-10-2018;76.34;77.13;74.58;75.04
30-10-2018;76.94;77.39;75.26;75.95
29-10-2018;77.64;78.00;76.59;77.37
26-10-2018;76.60;77.91;75.77;77.62
25-10-2018;75.67;77.08;75.35;76.89
24-10-2018;76.35;77.57;75.11;76.17
23-10-2018;80.04;80.12;75.88;76.44
22-10-2018;80.11;80.41;78.99;79.83
19-10-2018;79.44;80.88;79.22;79.78
18-10-2018;80.23;80.31;78.69;79.29
17-10-2018;81.74;81.85;79.17;80.05
16-10-2018;80.88;81.75;79.80;81.41
15-10-2018;81.00;81.92;79.85;80.78
12-10-2018;80.28;81.48;79.23;80.43
11-10-2018;82.47;82.63;79.80;80.26
10-10-2018;84.98;85.17;82.26;83.09
9-10-2018;83.91;85.45;83.73;85.00
8-10-2018;84.17;84.31;82.66;83.91
5-10-2018;84.89;85.12;83.92;84.16
4-10-2018;85.99;86.43;84.14;84.58
3-10-2018;84.79;86.74;84.01;86.29
2-10-2018;84.95;85.38;84.31;84.80
1-10-2018;82.79;85.45;82.55;84.98
28-09-2018;81.44;83.41;81.29;82.73
27-09-2018;81.25;81.90;80.84;81.38
26-09-2018;80.94;81.56;80.52;80.79
25-09-2018;80.55;81.81;80.48;81.26
24-09-2018;78.78;80.79;78.49;80.53
21-09-2018;78.67;80.12;78.23;78.80
20-09-2018;79.44;79.83;78.51;78.70
19-09-2018;78.97;79.50;78.51;79.40
18-09-2018;77.78;79.73;77.46;79.03
17-09-2018;78.07;78.90;77.73;78.05
14-09-2018;78.45;78.94;77.37;78.09
13-09-2018;79.60;79.71;77.87;78.18
12-09-2018;79.42;80.13;78.75;79.74
11-09-2018;77.38;79.54;77.36;79.06
10-09-2018;77.08;77.92;76.90;77.37
7-09-2018;76.69;77.10;75.88;76.83
6-09-2018;77.02;77.77;75.64;76.50
5-09-2018;77.82;78.09;76.91;77.27
4-09-2018;78.19;79.72;77.44;78.17
3-09-2018;77.69;78.44;77.30;78.15
31-08-2018;77.81;78.22;77.23;77.64
30-08-2018;77.65;78.32;77.51;78.02
29-08-2018;76.34;77.75;76.01;77.46
28-08-2018;76.64;77.24;76.06;76.29
27-08-2018;75.83;76.64;75.71;76.50
24-08-2018;74.73;76.42;74.68;75.82
23-08-2018;74.72;74.87;74.21;74.73
22-08-2018;72.76;75.00;72.70;74.78
21-08-2018;72.15;72.95;72.05;72.63
20-08-2018;71.77;72.75;71.42;72.21
17-08-2018;71.35;72.49;71.25;71.83
16-08-2018;70.65;71.52;70.40;71.43
15-08-2018;72.22;72.44;70.30;70.76
14-08-2018;72.82;73.93;72.16;72.46
13-08-2018;73.00;73.09;71.04;72.61
10-08-2018;71.97;73.14;71.40;72.81
9-08-2018;72.16;72.89;71.86;72.07
8-08-2018;74.64;74.87;71.65;72.28
7-08-2018;73.61;74.90;73.57;74.65
6-08-2018;73.21;74.47;73.08;73.75
3-08-2018;73.37;73.73;72.48;73.21
2-08-2018;72.42;73.75;71.84;73.45
1-08-2018;74.07;74.12;72.13;72.39
31-07-2018;75.45;75.62;73.85;74.21
30-07-2018;74.94;75.79;74.64;75.55
27-07-2018;74.50;74.85;73.83;74.29
26-07-2018;74.37;74.83;73.77;74.54
25-07-2018;73.70;74.60;73.07;73.93
24-07-2018;72.91;74.00;72.68;73.44
23-07-2018;73.22;74.50;72.52;73.06
20-07-2018;72.65;73.47;72.26;73.07
19-07-2018;73.06;73.79;71.83;72.58
18-07-2018;71.74;73.28;71.19;72.90
17-07-2018;72.01;72.78;71.35;72.16
16-07-2018;74.92;75.37;71.52;71.84
13-07-2018;74.34;75.93;73.22;75.33
12-07-2018;74.17;75.10;72.67;74.45
11-07-2018;78.78;78.83;73.04;73.40
10-07-2018;78.25;79.51;78.15;78.86
9-07-2018;77.21;78.31;77.04;78.07
6-07-2018;77.57;77.68;76.36;77.11
5-07-2018;78.14;78.50;77.30;77.39
4-07-2018;77.89;78.28;77.61;78.24
3-07-2018;77.40;78.55;76.67;77.76
2-07-2018;78.55;78.95;77.16;77.30
29-06-2018;77.54;79.56;77.16;79.23
28-06-2018;77.35;78.20;77.07;77.61
27-06-2018;76.41;78.00;76.11;77.46
26-06-2018;74.57;76.55;73.97;76.14
25-06-2018;75.00;75.00;73.58;74.55
22-06-2018;73.24;75.83;73.24;75.55
21-06-2018;74.46;74.69;72.93;73.05
20-06-2018;75.20;75.86;74.10;74.74
19-06-2018;75.24;75.55;74.45;75.08
18-06-2018;73.06;75.49;72.45;75.34
15-06-2018;75.98;76.06;73.00;73.44
14-06-2018;76.56;76.92;75.76;75.94
13-06-2018;75.40;76.87;75.26;76.74
12-06-2018;76.50;77.07;75.43;75.88
11-06-2018;76.30;76.84;75.52;76.46
8-06-2018;77.39;77.61;76.12;76.46
7-06-2018;75.88;77.45;75.44;77.32
6-06-2018;75.19;76.25;74.46;75.36
5-06-2018;75.40;75.74;73.81;75.38
4-06-2018;76.66;76.95;75.20;75.29
1-06-2018;77.71;77.95;76.35;76.79
31-05-2018;77.65;79.18;76.96;77.56
30-05-2018;75.50;77.96;74.91;77.72
29-05-2018;75.82;76.23;74.66;75.49
28-05-2018;76.15;76.18;74.53;75.32
25-05-2018;78.82;78.88;76.01;76.44
24-05-2018;79.65;79.78;78.57;78.79
23-05-2018;79.47;79.85;78.21;79.80
22-05-2018;79.36;80.49;79.16;79.57
21-05-2018;78.61;79.59;78.10;79.22
18-05-2018;79.46;79.87;78.33;78.51
17-05-2018;79.26;80.50;79.12;79.30
16-05-2018;78.10;79.35;77.61;79.28
15-05-2018;78.42;79.47;77.90;78.43
14-05-2018;77.05;78.53;76.55;78.23
11-05-2018;77.55;77.60;76.95;77.12
10-05-2018;77.44;78.00;76.51;77.47
9-05-2018;76.19;77.43;76.08;77.21
8-05-2018;75.60;76.18;73.10;74.85
7-05-2018;75.00;76.34;74.83;76.17
4-05-2018;73.74;75.08;73.24;74.87
3-05-2018;73.07;74.09;72.47;73.62
2-05-2018;73.28;73.63;72.38;73.36
1-05-2018;74.65;74.98;72.74;73.13
30-04-2018;73.74;75.61;72.81;74.69
27-04-2018;74.72;75.03;74.35;74.64
26-04-2018;74.23;74.97;74.11;74.74
25-04-2018;74.00;74.19;73.17;74.00
24-04-2018;75.09;75.47;73.68;73.86
23-04-2018;73.77;75.10;73.13;74.71
20-04-2018;73.94;74.20;72.83;74.06
19-04-2018;73.72;74.75;73.46;73.78
18-04-2018;71.72;73.93;71.66;73.48
17-04-2018;71.65;71.89;70.83;71.58
16-04-2018;72.70;72.85;71.11;71.42
13-04-2018;71.94;72.88;71.56;72.58
12-04-2018;72.09;72.49;71.10;72.02
11-04-2018;71.03;73.09;70.57;72.06
10-04-2018;68.46;71.34;68.46;71.04
9-04-2018;67.10;68.80;67.00;68.65
6-04-2018;68.09;68.62;66.86;67.11
5-04-2018;68.36;68.93;67.73;68.33
4-04-2018;68.15;68.28;66.69;68.02
3-04-2018;67.63;68.46;67.62;68.12
2-04-2018;69.32;70.04;67.49;67.64
29-03-2018;69.03;69.77;68.22;69.34
28-03-2018;69.05;69.46;67.97;68.76
27-03-2018;69.60;70.40;68.79;69.46
26-03-2018;69.95;70.40;69.11;69.52
23-03-2018;69.11;70.57;68.87;70.45
22-03-2018;69.63;69.70;68.58;68.91
21-03-2018;67.61;69.86;67.48;69.47
20-03-2018;66.15;67.88;66.15;67.42
19-03-2018;66.01;66.39;65.39;66.05
16-03-2018;65.07;66.42;64.88;66.21
15-03-2018;64.90;65.38;64.61;65.12
14-03-2018;64.73;65.21;64.06;64.89
13-03-2018;64.92;65.68;64.05;64.64
12-03-2018;65.50;65.86;64.18;64.95
9-03-2018;63.93;65.63;63.69;65.49
8-03-2018;64.51;64.56;63.43;63.61
7-03-2018;65.23;65.80;63.83;64.34
6-03-2018;65.74;66.16;65.30;65.79
5-03-2018;64.65;65.88;64.10;65.54
2-03-2018;64.07;64.64;63.20;64.37
1-03-2018;64.57;65.04;63.19;63.83
28-02-2018;66.29;66.80;64.50;64.73
27-02-2018;67.36;67.42;66.22;66.52
26-02-2018;67.02;67.67;66.49;67.29
23-02-2018;66.30;67.37;65.79;67.31
22-02-2018;64.91;66.56;64.62;66.39
21-02-2018;65.05;65.53;64.40;65.42
20-02-2018;65.64;65.81;64.78;65.25
19-02-2018;64.88;65.89;64.88;65.62
16-02-2018;64.66;65.22;64.19;64.84
15-02-2018;64.44;65.15;63.12;64.33
14-02-2018;62.84;64.58;61.95;64.36
13-02-2018;62.85;63.10;61.76;62.72
12-02-2018;62.50;64.40;62.50;62.59
9-02-2018;64.44;64.64;61.77;62.79
8-02-2018;65.28;65.60;64.10;64.81
7-02-2018;67.20;67.72;65.16;65.51
6-02-2018;67.02;67.60;66.53;66.86
5-02-2018;68.15;68.46;66.90;67.62
2-02-2018;70.00;70.02;67.96;68.58
1-02-2018;69.00;69.97;68.81;69.65
31-01-2018;67.99;69.00;67.81;68.89
30-01-2018;69.01;69.10;68.00;68.52
29-01-2018;70.18;70.27;68.75;69.20
26-01-2018;70.07;70.83;70.05;70.52
25-01-2018;70.95;71.28;69.97;70.42
24-01-2018;69.97;70.94;69.54;70.53
23-01-2018;69.17;70.24;69.12;69.96
22-01-2018;68.80;69.51;68.39;69.03
19-01-2018;69.01;69.08;68.28;68.61
18-01-2018;69.53;69.63;68.80;69.31
17-01-2018;69.35;69.59;68.55;69.38
16-01-2018;70.05;70.13;68.83;69.15
15-01-2018;69.88;70.37;69.55;70.26
12-01-2018;69.15;69.93;68.59;69.87
11-01-2018;69.15;70.05;69.00;69.26
10-01-2018;69.12;69.37;68.75;69.20
9-01-2018;68.00;69.29;67.70;68.82
8-01-2018;67.80;67.99;67.44;67.78
5-01-2018;67.97;68.11;67.26;67.62
4-01-2018;67.89;68.27;67.62;68.07
3-01-2018;66.54;68.03;66.40;67.84
2-01-2018;66.55;67.29;66.24;66.57
29-12-2017;66.15;66.98;66.15;66.87
28-12-2017;66.01;66.32;65.71;66.16
27-12-2017;66.19;66.38;65.46;65.99
26-12-2017;64.74;66.54;64.48;66.46
22-12-2017;64.63;65.28;64.38;65.25
21-12-2017;64.49;64.93;64.20;64.90
20-12-2017;63.83;64.60;63.67;64.56
19-12-2017;63.41;63.91;63.30;63.80
18-12-2017;63.36;63.91;63.00;63.41
15-12-2017;63.39;63.68;63.08;63.23
14-12-2017;62.81;63.50;62.01;63.31
13-12-2017;63.80;64.32;62.36;62.44
12-12-2017;64.66;65.83;63.07;63.34
11-12-2017;63.29;64.93;62.99;64.69
8-12-2017;62.08;63.64;62.01;63.40
7-12-2017;61.30;62.26;61.15;62.20
6-12-2017;62.64;62.93;61.13;61.22
5-12-2017;62.45;63.15;62.12;62.86
4-12-2017;63.50;63.68;62.31;62.45
1-12-2017;62.74;64.32;62.59;63.73
30-11-2017;62.52;63.41;62.15;62.63
29-11-2017;63.02;63.59;61.93;62.53
28-11-2017;63.33;63.44;62.71;63.24
27-11-2017;63.58;63.58;62.70;63.38
24-11-2017;63.35;63.95;63.28;63.86
23-11-2017;63.24;63.57;62.88;63.55
22-11-2017;62.76;63.41;62.62;63.28
21-11-2017;62.10;62.87;62.07;62.57
20-11-2017;62.80;62.80;61.44;62.22
17-11-2017;61.41;62.92;61.08;62.72
16-11-2017;61.88;62.15;61.25;61.36
15-11-2017;61.55;62.13;61.30;61.87
14-11-2017;63.06;63.17;61.21;62.21
13-11-2017;63.68;63.77;62.61;63.16
10-11-2017;63.80;64.27;63.35;63.52
9-11-2017;63.52;64.25;63.26;63.93
8-11-2017;63.69;64.64;62.95;63.49
7-11-2017;64.12;64.65;63.50;63.69
6-11-2017;62.27;64.44;62.08;64.27
3-11-2017;60.88;62.23;60.60;62.07
2-11-2017;60.50;60.86;60.02;60.62
1-11-2017;61.07;61.70;60.00;60.49
31-10-2017;60.55;61.19;60.25;60.94
30-10-2017;60.23;60.70;59.91;60.59
27-10-2017;59.37;60.65;58.82;60.44
26-10-2017;58.42;59.55;58.05;59.30
25-10-2017;58.44;58.74;57.85;58.44
24-10-2017;57.41;58.57;57.04;58.33
23-10-2017;57.95;58.05;57.27;57.37
20-10-2017;57.32;57.94;56.60;57.75
19-10-2017;58.24;58.30;57.02;57.23
18-10-2017;58.16;58.54;57.74;58.15
17-10-2017;57.78;58.35;57.18;57.88
16-10-2017;57.28;58.47;57.12;57.82
13-10-2017;56.44;57.57;56.34;57.17
12-10-2017;56.74;56.83;55.88;56.25
11-10-2017;56.56;57.09;56.14;56.94
10-10-2017;55.78;56.91;55.73;56.61
9-10-2017;55.50;55.98;55.06;55.79
6-10-2017;56.99;57.28;55.13;55.62
5-10-2017;55.77;57.24;55.70;57.00
4-10-2017;55.67;56.20;55.38;55.80
3-10-2017;56.10;56.40;55.70;56.00
2-10-2017;56.73;56.76;55.50;56.12
29-09-2017;57.29;57.43;56.44;56.79
28-09-2017;57.39;58.28;56.56;57.16
27-09-2017;58.11;58.34;57.25;57.57
26-09-2017;58.55;58.88;57.22;57.92
25-09-2017;56.46;58.66;56.23;58.43
22-09-2017;56.50;56.91;56.22;56.86
21-09-2017;56.17;56.53;55.76;56.43
20-09-2017;55.35;56.48;55.26;56.29
19-09-2017;55.48;55.89;54.89;55.14
18-09-2017;55.59;55.95;54.82;55.48
15-09-2017;55.29;55.85;54.86;55.62
14-09-2017;55.02;55.99;54.93;55.47
13-09-2017;54.18;55.21;54.03;55.16
12-09-2017;53.77;54.44;53.42;54.27
11-09-2017;53.82;54.14;53.04;53.84
8-09-2017;54.54;54.87;53.57;53.78
7-09-2017;54.13;54.67;53.89;54.49
6-09-2017;53.16;54.31;53.09;54.20
5-09-2017;52.30;53.66;52.09;53.38
4-09-2017;52.85;52.85;51.99;52.34
1-09-2017;52.84;52.95;52.24;52.75
31-08-2017;50.53;52.90;50.49;52.86
30-08-2017;51.65;51.69;50.52;50.73
29-08-2017;51.54;51.79;50.98;51.66
28-08-2017;52.00;52.44;51.07;51.42
25-08-2017;52.30;52.68;51.93;52.41
24-08-2017;52.55;52.71;51.61;52.04
23-08-2017;51.68;52.63;51.45;52.57
22-08-2017;51.78;52.28;51.39;51.87
21-08-2017;53.00;53.00;51.30;51.66
18-08-2017;50.89;52.96;50.78;52.72
17-08-2017;50.40;51.12;50.00;51.03
16-08-2017;50.98;51.40;50.15;50.27
15-08-2017;50.65;51.15;50.02;50.80
14-08-2017;52.02;52.38;50.55;50.73
11-08-2017;51.94;52.28;51.30;52.10
10-08-2017;52.72;53.64;51.67;51.90
9-08-2017;51.99;52.85;51.81;52.70
8-08-2017;52.24;52.73;51.82;52.14
7-08-2017;52.39;52.53;51.37;52.37
4-08-2017;51.97;52.52;51.43;52.42
3-08-2017;52.24;52.89;51.77;52.01
2-08-2017;51.38;52.43;51.18;52.36
1-08-2017;52.70;52.93;50.88;51.78
31-07-2017;52.30;52.90;51.78;52.72
28-07-2017;51.60;52.70;51.31;52.52
27-07-2017;50.86;51.64;50.50;51.49
26-07-2017;50.63;51.06;50.07;50.97
25-07-2017;48.64;50.91;48.63;50.20
24-07-2017;47.96;48.77;47.68;48.60
21-07-2017;49.33;49.65;47.81;48.06
20-07-2017;49.65;50.19;49.19;49.30
19-07-2017;48.70;49.81;48.58;49.70
18-07-2017;48.40;49.41;48.24;48.84
17-07-2017;49.14;49.26;48.31;48.42
14-07-2017;48.37;49.11;48.15;48.91
13-07-2017;47.70;48.53;47.18;48.42
12-07-2017;48.21;48.79;47.35;47.74
11-07-2017;46.98;48.22;46.32;48.17
10-07-2017;47.00;47.35;46.12;47.01
7-07-2017;47.60;47.70;46.30;46.83
6-07-2017;48.29;49.17;47.80;47.97
5-07-2017;49.72;49.80;47.60;48.35
4-07-2017;49.63;49.90;49.30;49.67
3-07-2017;48.92;49.71;48.55;49.58
30-06-2017;47.62;49.00;47.62;48.98
29-06-2017;47.61;48.26;47.35;47.51
28-06-2017;46.56;47.70;46.55;47.68
27-06-2017;46.08;47.27;45.99;46.45
26-06-2017;45.75;46.38;45.27;46.13
23-06-2017;45.38;45.72;45.05;45.66
22-06-2017;44.91;45.77;44.55;45.28
21-06-2017;45.93;46.45;44.42;44.78
20-06-2017;46.98;47.22;45.48;45.84
19-06-2017;47.27;47.76;46.80;46.81
16-06-2017;46.82;47.61;46.81;47.30
15-06-2017;46.84;47.20;46.71;46.80
14-06-2017;48.20;48.66;46.80;46.92
13-06-2017;48.38;48.81;47.88;48.24
12-06-2017;48.41;49.15;48.02;48.27
9-06-2017;47.81;48.52;47.44;48.24
8-06-2017;48.24;48.59;47.59;47.87
7-06-2017;49.99;50.13;47.98;48.19
6-06-2017;49.63;50.30;49.01;49.96
5-06-2017;49.98;50.73;49.06;49.48
2-06-2017;50.22;50.51;48.99;50.03
1-06-2017;51.19;51.44;50.24;50.38
31-05-2017;52.24;52.32;50.25;50.97
30-05-2017;52.60;52.70;51.63;52.19
29-05-2017;52.51;52.96;52.23;52.58
26-05-2017;51.48;52.30;50.74;52.26
25-05-2017;54.12;54.66;51.04;51.33
24-05-2017;54.15;54.62;53.69;53.85
23-05-2017;53.87;54.41;53.23;54.19
22-05-2017;53.99;54.35;53.69;53.74
19-05-2017;52.59;53.80;52.56;53.77
18-05-2017;52.26;52.74;51.12;52.49
17-05-2017;51.16;52.59;51.05;52.08
16-05-2017;51.89;52.36;51.20;51.25
15-05-2017;50.79;52.59;50.75;51.80
12-05-2017;50.76;51.08;50.36;50.86
11-05-2017;50.32;51.15;50.24;50.74
10-05-2017;48.88;50.61;48.84;50.27
9-05-2017;49.47;49.73;48.44;48.98
8-05-2017;49.88;49.92;48.50;49.44
5-05-2017;48.43;49.61;46.66;49.43
4-05-2017;50.63;50.73;48.19;48.32
3-05-2017;50.98;51.14;50.22;50.60
2-05-2017;51.39;52.15;50.17;51.09
1-05-2017;51.94;51.97;51.23;51.44
28-04-2017;51.95;52.59;51.64;51.84
27-04-2017;52.17;52.28;51.04;52.07
26-04-2017;52.27;52.93;51.91;52.08
25-04-2017;52.19;52.85;51.82;52.42
24-04-2017;52.44;53.06;51.99;52.16
21-04-2017;53.04;53.29;51.59;51.95
20-04-2017;53.11;53.55;52.70;53.01
19-04-2017;54.82;55.19;52.60;53.08
18-04-2017;55.40;55.49;54.62;54.80
17-04-2017;55.74;55.97;55.30;55.52
13-04-2017;55.65;56.05;55.57;55.64
12-04-2017;56.27;56.65;55.51;55.59
11-04-2017;56.06;56.30;55.46;56.30
10-04-2017;55.38;56.05;55.24;56.01
7-04-2017;54.89;56.08;54.59;55.23
6-04-2017;54.11;55.00;54.02;54.88
5-04-2017;54.26;55.08;53.97;54.04
4-04-2017;53.20;54.37;52.73;54.25
3-04-2017;53.47;53.72;53.06;53.12
31-03-2017;53.01;53.76;52.61;53.70
30-03-2017;52.51;53.26;52.19;53.08
29-03-2017;51.49;52.60;51.45;52.58
28-03-2017;50.98;52.00;50.94;51.45
27-03-2017;51.13;51.13;50.14;51.04
24-03-2017;50.67;51.05;50.46;50.99
23-03-2017;50.98;51.09;50.26;50.51
22-03-2017;50.96;50.98;49.76;50.73
21-03-2017;51.78;52.22;50.77;50.85
20-03-2017;51.40;51.92;51.02;51.72
17-03-2017;51.79;52.16;51.54;51.70
16-03-2017;52.10;52.63;51.52;51.73
15-03-2017;51.45;52.13;51.40;52.05
14-03-2017;51.29;51.85;50.26;51.83
13-03-2017;51.02;51.67;50.95;51.42
10-03-2017;52.44;52.99;51.17;51.30
9-03-2017;53.45;53.85;51.53;52.40
8-03-2017;55.59;55.77;52.96;53.17
7-03-2017;55.97;56.63;55.57;55.61
6-03-2017;55.78;56.24;55.33;55.95
3-03-2017;55.16;55.95;55.09;55.80
2-03-2017;56.31;56.44;55.04;55.04
1-03-2017;56.46;57.00;56.25;56.28
28-02-2017;56.48;56.65;55.63;56.45
27-02-2017;56.31;57.06;56.30;56.45
24-02-2017;56.41;56.67;55.75;56.01
23-02-2017;56.23;57.20;56.19;56.49
22-02-2017;56.74;56.99;55.67;56.17
21-02-2017;56.13;57.30;56.10;56.69
20-02-2017;55.81;56.43;55.70;56.12
17-02-2017;55.74;55.88;55.12;55.73
16-02-2017;55.73;56.24;55.15;55.80
15-02-2017;55.80;56.22;55.56;55.72
14-02-2017;55.73;56.45;55.54;55.81
13-02-2017;56.53;56.78;55.43;55.67
10-02-2017;55.66;56.86;55.60;56.69
9-02-2017;55.30;55.93;55.24;55.72
8-02-2017;54.48;55.64;54.45;55.17
7-02-2017;55.91;55.98;54.59;54.70
6-02-2017;56.90;57.12;55.66;55.88
3-02-2017;56.91;57.28;56.39;56.80
2-02-2017;56.51;57.42;56.35;56.76
1-02-2017;55.56;56.82;55.37;56.59
31-01-2017;55.38;56.44;54.98;55.49
30-01-2017;55.47;55.86;55.05;55.33
27-01-2017;56.07;56.47;54.90;55.53
26-01-2017;55.40;56.53;55.22;56.08
25-01-2017;55.27;55.63;54.77;55.30
24-01-2017;55.41;55.85;55.09;55.17
23-01-2017;55.55;55.63;54.66;55.37
20-01-2017;54.33;55.80;54.18;55.45
19-01-2017;54.37;54.76;53.92;54.20
18-01-2017;55.51;55.89;53.77;54.25
17-01-2017;55.78;56.93;55.41;55.49
16-01-2017;55.55;55.92;55.20;55.70
13-01-2017;56.02;56.21;55.29;55.59
12-01-2017;55.18;56.43;55.02;56.12
11-01-2017;53.82;55.66;53.70;55.28
10-01-2017;54.98;55.35;53.59;53.65
9-01-2017;56.99;57.01;54.74;54.81
6-01-2017;56.86;57.46;56.33;56.83
5-01-2017;56.37;57.35;56.03;56.89
4-01-2017;55.77;56.53;55.34;56.47
3-01-2017;57.21;58.35;55.34;55.59
30-12-2016;56.98;57.20;56.49;56.74
29-12-2016;56.72;57.30;56.67;56.95
28-12-2016;56.68;57.26;56.61;56.66
27-12-2016;55.91;56.99;55.77;56.95
23-12-2016;54.82;55.24;54.27;55.08
22-12-2016;54.59;55.23;54.07;54.89
21-12-2016;55.55;55.87;54.33;54.53
20-12-2016;54.95;55.92;54.76;55.53
19-12-2016;55.44;55.80;54.70;55.06
16-12-2016;54.16;55.38;53.73;55.32
15-12-2016;53.79;54.49;53.16;54.21
14-12-2016;55.12;55.78;53.59;53.72
13-12-2016;55.70;56.44;55.19;55.23
12-12-2016;56.55;57.25;55.16;55.44
9-12-2016;53.98;54.46;53.77;54.36
8-12-2016;53.17;54.02;52.83;53.97
7-12-2016;53.94;54.23;52.93;53.01
6-12-2016;54.48;54.94;53.52;53.92
5-12-2016;53.95;55.31;53.78;54.22
2-12-2016;53.88;54.49;52.85;54.43
1-12-2016;51.68;54.52;51.54;53.70
30-11-2016;47.45;52.34;47.45;51.49
29-11-2016;49.05;49.06;46.95;47.24
28-11-2016;47.50;49.76;47.50;49.01
25-11-2016;48.95;49.02;46.85;47.09
24-11-2016;49.08;49.21;48.77;48.88
23-11-2016;49.22;49.48;48.56;48.91
22-11-2016;49.34;49.95;48.15;49.05
21-11-2016;47.37;49.16;47.17;49.01
18-11-2016;46.08;46.97;45.76;46.81
17-11-2016;46.44;47.59;46.00;46.02
16-11-2016;46.92;47.50;46.27;46.34
15-11-2016;44.80;47.20;44.67;46.96
14-11-2016;44.97;44.98;43.58;44.72
11-11-2016;45.76;45.88;44.23;44.56
10-11-2016;46.32;46.91;45.56;45.68
9-11-2016;46.09;46.93;44.41;46.53
8-11-2016;46.28;46.67;45.62;45.85
7-11-2016;45.92;46.38;45.40;46.32
4-11-2016;46.46;46.55;45.09;45.56
3-11-2016;47.30;47.51;46.02;46.28
2-11-2016;47.99;48.02;46.50;47.08
1-11-2016;48.67;49.24;47.73;47.91
31-10-2016;50.37;50.76;48.45;48.58
28-10-2016;50.41;50.58;49.35;49.70
27-10-2016;49.99;50.88;49.86;50.30
26-10-2016;50.22;50.67;49.66;49.95
25-10-2016;51.47;51.83;50.23;50.28
24-10-2016;51.52;52.00;50.52;51.43
21-10-2016;51.38;51.94;51.13;51.91
20-10-2016;52.64;52.72;51.19;51.39
19-10-2016;52.13;53.10;52.09;52.55
18-10-2016;51.73;52.15;51.27;52.10
17-10-2016;51.80;52.29;51.17;51.69
14-10-2016;52.02;52.53;51.51;52.02
13-10-2016;51.60;52.15;50.95;51.98
12-10-2016;52.51;52.84;51.63;51.66
11-10-2016;53.08;53.26;52.12;52.52
10-10-2016;51.40;53.71;51.33;52.92
7-10-2016;52.67;52.84;51.38;51.67
6-10-2016;51.73;52.70;51.34;52.62
5-10-2016;51.24;52.08;51.24;51.61
4-10-2016;50.83;51.42;50.35;51.32
3-10-2016;49.81;51.14;49.77;50.84
30-09-2016;49.83;50.26;48.91;50.01
29-09-2016;49.41;50.39;48.56;49.62
28-09-2016;46.77;49.48;46.30;49.47
27-09-2016;47.67;47.88;46.20;46.76
26-09-2016;46.87;48.23;46.31;47.54
23-09-2016;47.37;48.26;45.72;46.02
22-09-2016;47.04;47.83;47.04;47.47
21-09-2016;46.48;47.13;46.38;47.08
20-09-2016;45.95;46.27;45.10;46.20
19-09-2016;46.41;46.91;45.87;45.92
16-09-2016;46.26;46.40;45.51;46.02
15-09-2016;46.06;46.99;45.69;46.42
14-09-2016;47.25;47.48;45.72;45.98
13-09-2016;48.17;48.21;46.98;47.19
12-09-2016;47.63;48.62;46.91;48.16
9-09-2016;49.66;49.68;47.77;47.86
8-09-2016;48.64;50.12;48.23;49.71
7-09-2016;47.22;48.56;46.98;48.55
6-09-2016;47.47;47.99;46.31;47.36
5-09-2016;46.55;49.36;46.41;47.41
2-09-2016;45.84;47.02;45.41;46.63
1-09-2016;47.02;47.23;45.34;45.83
31-08-2016;48.63;48.78;46.79;46.99
30-08-2016;49.47;49.89;48.52;48.70
29-08-2016;49.72;49.83;49.17;49.43
26-08-2016;49.65;50.75;49.12;49.69
25-08-2016;49.03;49.78;48.72;49.67
24-08-2016;49.55;49.84;48.70;49.02
23-08-2016;49.03;50.20;48.52;49.56
22-08-2016;50.45;50.49;49.09;49.09
19-08-2016;50.88;51.22;50.34;50.80
18-08-2016;49.74;51.05;49.52;50.90
17-08-2016;48.94;49.92;48.56;49.78
16-08-2016;48.20;49.36;47.91;48.89
15-08-2016;47.06;48.52;46.85;48.10
12-08-2016;46.17;47.25;45.76;47.19
11-08-2016;43.79;46.30;43.47;45.95
10-08-2016;44.93;45.66;43.82;43.89
9-08-2016;45.23;45.73;44.77;44.98
8-08-2016;44.35;45.70;44.26;45.16
5-08-2016;44.17;44.45;43.52;44.44
4-08-2016;43.43;44.32;42.52;44.22
3-08-2016;41.98;43.48;41.63;43.38
2-08-2016;42.31;43.15;41.52;41.95
1-08-2016;43.25;43.85;41.88;42.23
29-07-2016;43.15;43.59;42.52;43.36
28-07-2016;44.02;44.13;43.13;43.17
27-07-2016;44.93;45.33;43.73;43.80
26-07-2016;45.21;45.34;44.55;44.95
25-07-2016;46.12;46.27;44.98;45.08
22-07-2016;46.20;46.49;45.17;45.73
21-07-2016;47.14;47.56;46.05;46.22
20-07-2016;46.78;47.49;45.91;47.10
19-07-2016;46.91;47.48;46.54;46.70
18-07-2016;47.70;47.91;46.51;47.02
15-07-2016;46.94;48.04;46.66;47.98
14-07-2016;46.64;47.46;46.36;47.18
13-07-2016;48.06;48.18;46.10;46.55
12-07-2016;46.12;48.57;46.09;48.20
11-07-2016;46.44;47.10;45.91;46.08
8-07-2016;46.64;47.23;46.17;46.56
7-07-2016;49.10;49.59;46.17;46.47
6-07-2016;48.02;49.32;47.19;49.23
5-07-2016;50.04;50.05;47.56;48.18
4-07-2016;50.47;50.75;50.03;50.05
1-07-2016;49.92;50.65;49.26;50.65
30-06-2016;50.97;51.01;49.59;49.76
29-06-2016;49.49;51.42;49.34;50.96
28-06-2016;48.20;49.45;48.05;49.39
27-06-2016;48.52;49.48;47.31;48.11
24-06-2016;50.66;50.66;47.56;48.40
23-06-2016;50.19;51.19;49.90;51.15
22-06-2016;50.97;51.23;49.20;49.87
21-06-2016;50.46;51.10;49.48;50.94
20-06-2016;49.42;50.67;49.37;50.40
17-06-2016;47.30;49.40;47.30;49.38
16-06-2016;48.56;48.76;46.96;47.02
15-06-2016;49.22;49.80;48.40;48.65
14-06-2016;49.85;50.05;49.22;49.28
13-06-2016;50.23;50.78;49.62;50.02
10-06-2016;51.87;52.09;50.35;50.45
9-06-2016;52.84;52.84;51.55;51.85
8-06-2016;51.46;52.80;51.33;52.72
7-06-2016;50.44;51.54;50.27;51.50
6-06-2016;49.78;50.83;49.78;50.48
3-06-2016;49.92;50.33;49.31;49.84
2-06-2016;49.71;50.30;48.87;49.94
1-06-2016;49.61;49.98;48.66;49.73
31-05-2016;50.29;50.86;49.52;49.55
30-05-2016;49.95;50.40;49.56;50.31
27-05-2016;49.44;49.55;48.71;49.47
26-05-2016;49.76;50.51;49.27;49.34
25-05-2016;49.19;49.95;48.91;49.78
24-05-2016;48.35;49.24;47.80;49.02
23-05-2016;48.66;48.66;47.60;48.38
20-05-2016;48.95;49.37;48.09;48.80
19-05-2016;48.70;48.88;47.41;48.84
18-05-2016;49.41;49.80;48.45;48.57
17-05-2016;49.03;49.59;48.58;49.34
16-05-2016;47.96;49.47;47.81;49.09
13-05-2016;47.80;48.09;47.30;47.89
12-05-2016;47.30;48.18;46.83;47.91
11-05-2016;45.60;47.74;44.82;47.42
10-05-2016;43.51;45.69;43.33;45.46
9-05-2016;46.16;46.30;43.45;43.46
6-05-2016;45.13;46.10;44.21;45.32
5-05-2016;45.21;46.73;44.66;45.25
4-05-2016;45.23;45.98;44.20;44.92
3-05-2016;45.78;46.41;44.63;45.22
2-05-2016;47.05;47.31;45.74;45.90
29-04-2016;47.56;48.27;46.77;47.39
28-04-2016;46.85;47.80;46.52;47.69
27-04-2016;46.09;47.17;45.45;47.00
26-04-2016;44.54;46.31;44.17;46.26
25-04-2016;44.73;45.45;44.23;44.58
22-04-2016;44.80;45.88;44.30;45.13
21-04-2016;45.51;46.16;44.47;44.74
20-04-2016;43.41;45.88;42.83;45.58
19-04-2016;43.16;44.49;42.60;43.80
18-04-2016;40.88;43.38;40.59;43.17
15-04-2016;43.76;44.05;42.32;43.11
14-04-2016;44.02;44.60;43.31;43.78
13-04-2016;44.41;44.94;43.77;43.95
12-04-2016;42.66;44.80;42.56;44.24
11-04-2016;42.37;42.99;41.42;42.80
8-04-2016;39.67;41.99;39.63;41.85
7-04-2016;39.91;40.28;38.71;39.66
6-04-2016;38.38;39.92;38.35;39.75
5-04-2016;37.45;38.45;37.28;38.30
4-04-2016;38.34;38.92;37.51;37.59
1-04-2016;40.17;40.43;38.56;38.64
31-03-2016;39.83;40.85;39.51;40.16
30-03-2016;40.14;41.32;39.88;40.00
29-03-2016;40.81;40.85;39.47;40.05
28-03-2016;41.03;41.62;40.25;40.79
24-03-2016;40.41;40.64;39.23;40.44
23-03-2016;41.53;41.80;40.43;40.54
22-03-2016;41.60;42.02;40.99;41.59
21-03-2016;41.03;41.85;40.49;41.44
18-03-2016;41.38;42.53;41.08;41.42
17-03-2016;40.92;41.59;40.42;41.41
16-03-2016;39.18;40.42;38.84;40.19
15-03-2016;39.73;39.73;38.35;38.98
14-03-2016;40.42;40.51;38.83;39.72
11-03-2016;40.34;41.02;40.03;40.32
10-03-2016;40.88;41.01;39.67;40.15
9-03-2016;39.57;41.15;39.41;40.87
8-03-2016;40.68;41.47;39.33;39.55
7-03-2016;39.18;41.04;38.89;40.83
4-03-2016;37.07;38.95;36.84;38.94
3-03-2016;37.02;37.36;36.37;37.06
2-03-2016;36.65;37.34;36.11;37.06
1-03-2016;36.54;37.24;35.95;36.60
29-02-2016;35.26;36.73;34.84;36.66
26-02-2016;35.09;36.98;34.74;35.16
25-02-2016;34.38;35.70;33.32;35.08
24-02-2016;32.98;34.66;32.38;34.41
23-02-2016;34.52;35.09;32.91;32.91
22-02-2016;33.03;34.96;33.03;34.66
19-02-2016;33.88;34.45;32.70;33.10
18-02-2016;34.88;35.73;33.79;33.99
17-02-2016;32.34;34.98;31.83;34.89
16-02-2016;34.01;35.54;31.94;32.32
15-02-2016;32.89;34.08;32.81;34.03
12-02-2016;31.22;33.43;30.88;32.79
11-02-2016;30.77;31.35;29.93;31.11
10-02-2016;30.91;31.88;30.36;30.97
9-02-2016;33.20;33.55;30.29;30.82
8-02-2016;34.06;34.66;32.78;33.19
5-02-2016;34.39;35.03;33.81;34.13
4-02-2016;35.32;35.78;34.18;34.38
3-02-2016;32.52;35.53;32.30;35.48
2-02-2016;34.06;34.12;32.25;32.55
1-02-2016;35.49;36.05;33.93;34.14
29-01-2016;35.11;36.16;34.58;35.91
28-01-2016;33.53;36.72;33.40;35.37
27-01-2016;32.06;34.30;31.61;33.86
26-01-2016;30.89;33.49;30.14;31.89
25-01-2016;33.15;33.50;30.86;30.90
22-01-2016;29.70;32.29;29.29;32.18
21-01-2016;28.03;29.81;27.31;29.72
20-01-2016;28.68;28.75;27.12;27.77
19-01-2016;28.74;30.24;28.62;28.76
18-01-2016;28.21;29.58;28.01;28.75
15-01-2016;30.87;30.90;28.86;29.24
14-01-2016;30.21;31.18;29.72;31.12
13-01-2016;31.23;31.83;29.97;30.20
12-01-2016;31.82;32.67;30.58;30.81
11-01-2016;33.47;33.73;31.56;31.61
8-01-2016;33.99;34.69;32.81;33.35
7-01-2016;34.53;34.73;32.17;33.81
6-01-2016;36.65;36.68;34.15;34.38
5-01-2016;37.37;37.58;36.26;36.53
4-01-2016;38.38;38.98;36.81;37.35
31-12-2015;36.59;37.95;36.12;37.61
30-12-2015;37.29;37.51;36.36;36.68
29-12-2015;36.58;37.98;36.57;37.40
28-12-2015;37.82;37.84;36.43;36.61
24-12-2015;37.77;38.09;36.96;37.92
23-12-2015;36.40;37.88;36.29;37.78
22-12-2015;36.44;36.72;35.99;36.39
21-12-2015;36.43;36.75;36.05;36.22
18-12-2015;36.81;37.72;36.42;36.66
17-12-2015;37.58;37.92;36.81;36.95
16-12-2015;38.44;38.74;37.17;37.57
15-12-2015;38.11;39.69;37.83;38.43
14-12-2015;38.27;38.67;36.77;38.02
11-12-2015;39.65;39.74;37.37;37.71
10-12-2015;40.32;40.69;39.47;39.58
9-12-2015;40.64;41.52;39.59;40.31
8-12-2015;40.88;41.45;39.84;40.45
7-12-2015;42.80;43.00;40.60;40.66
4-12-2015;44.08;44.81;42.69;43.22
3-12-2015;42.67;44.69;42.65;44.05
2-12-2015;44.33;44.62;42.45;42.68
1-12-2015;44.52;45.17;44.04;44.29
30-11-2015;44.85;45.73;44.45;44.54
27-11-2015;45.60;45.63;44.80;44.88
26-11-2015;46.21;46.33;45.02;45.62
25-11-2015;46.03;46.49;45.03;46.30
24-11-2015;45.10;46.49;44.93;45.92
23-11-2015;44.55;45.73;43.59;45.12
20-11-2015;44.28;45.49;44.07;44.42
19-11-2015;44.32;44.76;43.71;44.27
18-11-2015;44.03;44.74;43.34;44.28
17-11-2015;44.72;45.10;43.51;43.98
16-11-2015;44.59;45.16;43.16;44.85
13-11-2015;45.17;45.95;44.16;44.47
12-11-2015;46.73;47.07;45.08;45.15
11-11-2015;47.73;48.37;46.43;46.71
10-11-2015;48.04;48.52;47.68;47.71
9-11-2015;48.33;49.13;47.77;48.03
6-11-2015;48.14;48.57;47.28;47.70
5-11-2015;48.73;48.99;47.95;48.09
4-11-2015;50.23;50.87;48.49;48.89
3-11-2015;48.73;50.91;48.48;50.27
2-11-2015;49.40;49.69;48.62;48.76
30-10-2015;48.67;49.98;48.30;49.46
29-10-2015;48.92;49.38;48.17;48.59
28-10-2015;46.82;49.23;46.63;49.05
27-10-2015;47.51;47.55;46.41;47.00
26-10-2015;47.83;48.32;47.31;47.45
23-10-2015;48.20;48.65;47.45;48.09
22-10-2015;47.98;48.72;47.66;48.19
21-10-2015;48.53;48.65;47.55;47.87
20-10-2015;48.88;49.17;48.23;48.46
19-10-2015;50.54;50.55;48.58;48.91
16-10-2015;50.30;50.67;49.34;50.48
15-10-2015;49.54;50.34;48.70;50.27
14-10-2015;49.66;50.01;49.22;49.58
13-10-2015;50.69;51.13;49.35;49.70
12-10-2015;53.14;53.62;50.19;50.67
9-10-2015;53.37;54.05;52.27;52.54
8-10-2015;51.74;53.49;51.30;53.30
7-10-2015;52.08;53.15;51.23;51.73
6-10-2015;49.25;52.25;48.88;52.11
5-10-2015;48.08;49.84;48.07;49.26
2-10-2015;48.08;48.50;46.95;48.19
1-10-2015;48.49;49.83;47.65;48.09
30-09-2015;47.97;48.97;47.80;48.48
29-09-2015;47.34;48.59;47.27;47.98
28-09-2015;48.35;48.39;47.27;47.41
25-09-2015;48.16;49.09;47.88;48.34
24-09-2015;47.92;48.45;47.41;48.30
23-09-2015;49.06;50.24;47.70;47.81
22-09-2015;48.67;49.21;47.70;49.16
21-09-2015;47.59;48.98;47.52;48.68
18-09-2015;49.14;49.75;47.16;47.75
17-09-2015;49.92;50.15;48.34;49.33
16-09-2015;48.01;50.33;47.71;49.97
15-09-2015;47.40;48.19;47.02;48.17
14-09-2015;49.04;49.20;47.26;47.45
11-09-2015;48.75;48.94;47.19;48.15
10-09-2015;47.52;48.95;46.78;48.76
9-09-2015;49.37;50.03;47.37;47.44
8-09-2015;47.98;49.83;47.65;49.36
7-09-2015;49.27;49.44;47.52;47.74
4-09-2015;50.75;51.03;49.28;49.28
3-09-2015;50.57;52.45;49.92;50.66
2-09-2015;48.48;50.99;47.78;50.49
1-09-2015;52.65;53.47;48.48;48.66
31-08-2015;49.53;54.26;48.26;53.09
28-08-2015;47.40;50.97;46.65;49.91
27-08-2015;43.76;47.75;43.70;47.38
26-08-2015;43.48;43.76;42.81;43.66
25-08-2015;42.77;44.48;42.69;43.49
24-08-2015;45.27;45.27;42.23;42.47
21-08-2015;46.28;46.52;45.09;45.31
20-08-2015;47.06;47.37;46.04;46.30
19-08-2015;48.59;49.10;46.78;46.94
18-08-2015;48.57;49.05;48.27;48.60
17-08-2015;48.62;49.44;48.37;48.59
14-08-2015;49.51;49.84;48.66;48.73
13-08-2015;50.35;50.83;49.26;49.62
12-08-2015;49.88;50.52;49.29;50.20
11-08-2015;50.86;51.69;49.19;49.90
10-08-2015;48.97;51.09;48.90;50.80
7-08-2015;49.62;50.06;48.43;48.53
6-08-2015;49.69;49.81;48.88;49.65
5-08-2015;50.14;50.98;49.03;49.70
4-08-2015;49.60;50.45;49.59;50.26
3-08-2015;51.77;52.01;49.41;49.63
31-07-2015;53.38;53.47;51.63;51.81
30-07-2015;53.52;54.37;53.02;53.39
29-07-2015;52.98;54.27;52.52;53.57
28-07-2015;53.02;54.06;52.30;53.01
27-07-2015;54.67;54.88;52.84;52.99
24-07-2015;55.42;55.59;54.30;54.62
23-07-2015;56.06;56.52;55.12;55.47
22-07-2015;56.90;56.90;55.93;56.09
21-07-2015;56.53;57.42;56.34;57.00
20-07-2015;57.09;57.44;56.34;56.52
17-07-2015;57.02;57.34;56.41;57.08
16-07-2015;57.36;57.98;56.87;56.98
15-07-2015;58.93;58.98;56.95;57.37
14-07-2015;57.92;58.98;56.76;58.97
13-07-2015;58.37;59.14;57.18;58.22
10-07-2015;58.57;59.66;57.88;58.74
9-07-2015;57.26;59.23;57.02;58.52
8-07-2015;57.22;57.74;55.88;57.27
7-07-2015;56.86;57.80;55.10;57.45
6-07-2015;59.45;59.95;56.40;56.68
3-07-2015;61.77;62.06;60.13;60.55
2-07-2015;62.02;63.20;61.78;61.80
1-07-2015;63.22;63.34;61.85;62.06
30-06-2015;61.94;63.81;61.72;63.18
29-06-2015;62.59;62.96;61.36;61.95
26-06-2015;63.32;63.62;62.51;63.18
25-06-2015;63.53;63.95;62.73;63.38
24-06-2015;64.67;65.04;63.02;63.55
23-06-2015;63.24;64.88;62.80;64.56
22-06-2015;62.52;63.74;62.10;63.27
19-06-2015;64.31;64.55;62.37;62.87
18-06-2015;63.74;64.96;63.45;64.30
17-06-2015;63.66;65.44;62.62;63.76
16-06-2015;63.82;64.39;63.44;63.69
15-06-2015;64.33;64.75;63.40;63.96
12-06-2015;64.86;64.94;63.69;63.86
11-06-2015;65.52;66.03;64.53;64.83
10-06-2015;65.13;66.34;64.88;65.49
9-06-2015;62.80;65.22;62.80;65.12
8-06-2015;62.95;63.37;62.48;62.73
5-06-2015;62.06;63.41;60.95;63.21
4-06-2015;63.76;64.06;61.81;62.09
3-06-2015;65.32;65.32;63.52;63.77
2-06-2015;64.93;65.83;64.58;65.34
1-06-2015;65.30;65.75;64.25;64.90
29-05-2015;62.98;65.81;62.70;65.50
28-05-2015;62.28;62.95;61.30;62.81
27-05-2015;63.90;64.64;61.98;62.27
26-05-2015;65.69;65.72;63.30;63.91
25-05-2015;65.57;66.22;64.72;65.88
22-05-2015;66.55;66.61;65.11;65.56
21-05-2015;64.86;66.86;64.84;66.50
20-05-2015;64.50;65.14;64.13;64.95
19-05-2015;66.25;66.39;63.97;64.44
18-05-2015;66.86;67.86;65.92;66.23
15-05-2015;66.74;66.98;65.38;66.97
14-05-2015;66.97;67.81;66.27;66.67
13-05-2015;67.83;68.50;66.87;66.96
12-05-2015;65.51;67.89;65.39;67.84
11-05-2015;66.18;66.50;65.03;65.53
8-05-2015;65.69;66.04;64.23;65.47
7-05-2015;67.33;68.47;65.19;65.66
6-05-2015;67.69;69.58;67.35;67.50
5-05-2015;66.30;68.38;66.14;67.64
4-05-2015;66.47;67.08;65.97;66.32
1-05-2015;66.68;66.92;65.53;66.50
30-04-2015;65.53;66.92;65.39;66.77
29-04-2015;64.58;66.69;64.14;65.56
28-04-2015;64.72;65.47;63.95;64.59
27-04-2015;65.46;65.60;64.42;64.68
24-04-2015;64.80;65.77;64.50;65.40
23-04-2015;62.78;65.47;62.23;64.81
22-04-2015;62.03;63.28;61.40;62.76
21-04-2015;63.49;63.49;61.67;61.85
20-04-2015;64.20;64.34;62.12;63.50
17-04-2015;63.97;64.47;62.95;63.71
16-04-2015;62.86;64.81;62.01;63.96
15-04-2015;60.09;63.41;60.04;62.73
14-04-2015;59.07;60.44;58.98;60.22
13-04-2015;58.95;60.52;58.59;59.08
10-04-2015;56.85;58.10;56.26;57.93
9-04-2015;56.07;58.01;55.98;56.74
8-04-2015;58.55;58.70;55.47;56.09
7-04-2015;57.85;59.27;57.03;58.59
6-04-2015;55.60;58.23;55.55;57.91
2-04-2015;56.72;57.27;54.03;55.15
1-04-2015;55.16;57.67;54.71;56.73
31-03-2015;56.49;56.49;54.73;55.12
30-03-2015;56.04;56.63;55.20;56.52
27-03-2015;58.82;58.90;55.97;56.19
26-03-2015;57.05;59.76;57.02;58.88
25-03-2015;55.24;57.16;54.75;56.49
24-03-2015;55.74;56.79;54.86;55.37
23-03-2015;54.78;56.20;54.14;55.83
20-03-2015;54.62;55.66;53.57;55.20
19-03-2015;55.88;55.93;53.91;54.44
18-03-2015;53.26;56.83;52.72;56.28
17-03-2015;54.36;54.37;52.60;53.31
16-03-2015;54.38;55.02;52.66;54.12
13-03-2015;57.26;57.38;54.42;54.48
12-03-2015;57.80;58.81;56.52;56.97
11-03-2015;56.88;57.95;55.93;57.94
10-03-2015;58.47;58.72;56.12;56.41
9-03-2015;59.38;60.02;58.40;58.60
6-03-2015;60.73;61.25;59.20;59.81
5-03-2015;60.53;61.55;60.09;60.68
4-03-2015;60.71;60.93;59.51;60.57
3-03-2015;60.02;61.80;59.84;60.95
2-03-2015;62.04;62.38;59.37;59.95
27-02-2015;60.62;62.80;60.56;62.21
26-02-2015;61.80;62.60;59.69;60.55
25-02-2015;58.70;62.10;58.42;61.90
24-02-2015;59.06;60.24;58.13;58.73
23-02-2015;60.09;60.59;58.38;59.05
20-02-2015;60.18;61.14;59.87;60.08
19-02-2015;59.40;60.95;57.81;60.19
18-02-2015;62.28;62.47;59.26;59.41
17-02-2015;61.59;62.98;60.28;62.31
16-02-2015;61.65;62.52;60.76;61.62
13-02-2015;59.26;61.72;59.09;61.50
12-02-2015;56.40;59.91;56.10;59.29
11-02-2015;57.88;58.10;55.20;56.29
10-02-2015;58.79;59.58;57.20;58.05
9-02-2015;59.03;60.48;58.31;58.78
6-02-2015;56.77;59.03;56.72;58.12
5-02-2015;54.58;57.81;53.09;56.85
4-02-2015;57.31;58.06;53.52;54.57
3-02-2015;54.85;58.95;54.85;56.97
2-02-2015;52.66;55.38;51.42;54.87
30-01-2015;49.12;53.06;48.78;52.41
29-01-2015;48.69;49.24;48.38;49.08
28-01-2015;49.06;49.70;48.33;48.66
27-01-2015;48.30;49.97;47.70;49.29
26-01-2015;48.47;49.25;47.59;48.16
23-01-2015;49.26;49.79;48.62;48.63
22-01-2015;48.74;50.45;48.08;49.03
21-01-2015;48.26;49.58;48.22;48.75
20-01-2015;48.91;49.48;47.80;48.16
19-01-2015;49.98;50.34;48.70;48.88
16-01-2015;48.34;50.28;48.09;49.99
15-01-2015;49.66;52.34;48.09;48.33
14-01-2015;47.93;50.30;46.80;49.77
13-01-2015;48.36;48.50;46.42;47.95
12-01-2015;51.30;51.30;48.45;48.48
9-01-2015;51.11;51.44;48.94;50.08
8-01-2015;51.06;51.90;49.88;51.10
7-01-2015;51.24;51.84;49.70;50.98
6-01-2015;53.23;53.58;50.55;50.94
5-01-2015;56.20;56.25;52.70;53.12
2-01-2015;58.10;58.53;55.48;56.44
31-12-2014;57.37;57.63;55.89;57.56
30-12-2014;57.90;58.20;56.78;57.52
29-12-2014;59.66;60.42;57.42;57.99
26-12-2014;60.27;60.95;59.29;59.67
24-12-2014;61.51;61.69;59.38;60.17
23-12-2014;60.24;62.10;59.87;61.49
22-12-2014;61.85;62.94;59.88;60.13
19-12-2014;59.82;62.66;59.10;62.20
18-12-2014;61.06;63.62;59.20;59.83
17-12-2014;59.85;63.35;58.74;60.66
16-12-2014;60.85;61.23;58.57;59.79
15-12-2014;61.77;63.46;60.41;60.56
12-12-2014;63.28;63.66;61.45;61.47
11-12-2014;64.78;65.11;63.08;63.27
10-12-2014;66.38;66.39;63.59;64.29
9-12-2014;66.06;67.00;65.30;66.39
8-12-2014;68.62;68.62;65.97;66.09
5-12-2014;69.44;69.81;68.14;68.70
4-12-2014;70.00;70.58;68.91;69.47
3-12-2014;71.07;71.45;69.53;70.01
2-12-2014;72.28;73.02;70.47;71.03
1-12-2014;70.14;73.00;67.56;72.83
28-11-2014;72.41;73.38;69.84;70.02
27-11-2014;77.53;77.53;71.28;72.89
26-11-2014;78.18;78.85;77.35;77.55
25-11-2014;79.41;80.44;78.06;78.19
24-11-2014;80.53;80.85;79.41;79.42
21-11-2014;79.98;81.60;79.08;80.52
20-11-2014;78.14;79.94;77.61;79.76
19-11-2014;78.40;79.44;78.05;78.08
18-11-2014;79.02;79.93;78.22;78.39
17-11-2014;79.57;79.60;77.96;79.08
14-11-2014;77.69;79.74;76.81;79.59
13-11-2014;80.65;81.00;77.34;77.70
12-11-2014;81.87;82.38;80.50;80.64
11-11-2014;82.54;82.97;81.29;82.06
10-11-2014;83.92;85.49;82.53;82.55
7-11-2014;82.67;83.83;82.17;83.12
6-11-2014;83.12;83.25;82.06;82.79
5-11-2014;82.81;84.44;81.67;83.19
4-11-2014;84.06;84.44;82.10;82.70
3-11-2014;85.83;86.34;84.02;84.08
31-10-2014;86.03;86.25;84.61;85.89
30-10-2014;86.88;87.10;85.72;86.08
29-10-2014;86.14;87.92;86.08;86.81
28-10-2014;85.39;86.33;85.11;86.21
27-10-2014;85.91;86.23;84.56;85.38
24-10-2014;86.70;86.77;85.42;86.23
23-10-2014;84.57;87.16;84.14;86.72
22-10-2014;86.45;87.03;84.48;84.70
21-10-2014;85.22;86.47;85.21;86.44
20-10-2014;86.23;86.66;84.44;85.33
17-10-2014;86.81;87.34;85.50;86.21
16-10-2014;83.78;87.81;82.95;86.78
15-10-2014;85.97;85.99;83.39;83.77
14-10-2014;88.68;89.28;84.88;86.05
13-10-2014;89.98;90.08;88.44;88.63
10-10-2014;88.97;90.44;88.11;89.82
9-10-2014;91.59;91.85;88.45;88.91
8-10-2014;91.83;91.88;90.64;91.69
7-10-2014;92.84;92.98;91.42;91.77
6-10-2014;92.09;93.22;91.27;92.83
3-10-2014;93.59;94.06;91.52;92.19
2-10-2014;94.33;94.37;91.62;93.78
1-10-2014;94.84;96.20;93.81;94.23
30-09-2014;97.08;97.80;94.38;94.75
29-09-2014;96.88;97.33;96.28;97.09
26-09-2014;97.02;97.49;96.47;97.02
25-09-2014;97.08;97.55;96.25;97.03
24-09-2014;96.87;97.32;95.64;97.06
23-09-2014;96.85;97.59;96.58;96.94
22-09-2014;98.17;98.31;96.42;96.87
19-09-2014;97.71;98.44;97.20;98.36
18-09-2014;98.73;99.14;97.44;97.61
17-09-2014;98.97;99.59;98.53;98.75
16-09-2014;98.03;99.41;97.46;98.96
15-09-2014;97.96;98.39;97.03;97.99
12-09-2014;98.09;98.78;96.83;97.12
11-09-2014;97.98;98.50;96.74;98.14
10-09-2014;99.33;99.47;97.64;98.08
9-09-2014;100.21;100.60;99.06;99.22
8-09-2014;100.94;100.99;99.38;100.27
5-09-2014;101.89;102.44;100.39;100.92
4-09-2014;102.38;102.95;101.70;101.83
3-09-2014;100.50;103.12;100.42;102.39
2-09-2014;102.72;102.86;100.22;100.47
1-09-2014;103.05;103.30;102.56;102.61
29-08-2014;102.50;103.30;102.49;103.08
28-08-2014;102.53;103.20;102.28;102.48
27-08-2014;102.50;103.06;102.06;102.58
26-08-2014;102.68;103.38;102.36;102.58
25-08-2014;101.87;102.78;101.87;102.69
22-08-2014;102.69;102.81;102.00;102.20
21-08-2014;102.24;102.79;101.21;102.70
20-08-2014;101.61;102.37;101.44;102.25
19-08-2014;101.72;102.07;101.08;101.58
18-08-2014;103.23;103.23;101.12;101.80
15-08-2014;102.11;103.69;102.08;103.28
14-08-2014;104.65;105.09;101.92;102.12
13-08-2014;103.77;105.13;103.27;104.66
12-08-2014;105.12;105.33;103.56;103.78
11-08-2014;105.36;106.11;105.11;105.11
8-08-2014;105.81;106.85;104.67;104.77
7-08-2014;104.60;105.93;104.17;105.80
6-08-2014;104.91;105.44;104.56;104.61
5-08-2014;105.47;105.64;104.12;104.89
4-08-2014;104.76;105.71;104.53;105.56
1-08-2014;105.67;106.12;104.40;104.67
31-07-2014;106.06;106.58;105.44;105.47
30-07-2014;107.52;107.84;105.85;106.08
29-07-2014;107.47;108.05;107.16;107.49
28-07-2014;108.28;108.38;107.03;107.50
25-07-2014;107.16;108.44;106.75;108.20
24-07-2014;108.15;108.22;106.83;107.14
23-07-2014;106.94;108.25;106.89;108.17
22-07-2014;107.70;108.40;106.83;106.92
21-07-2014;107.12;107.86;106.80;107.72
18-07-2014;108.49;108.62;106.95;107.14
17-07-2014;107.09;108.59;106.82;108.39
16-07-2014;106.81;107.95;106.77;107.07
15-07-2014;107.61;107.69;105.60;106.70
14-07-2014;107.16;108.10;106.95;107.62
11-07-2014;108.62;108.74;106.28;106.57
10-07-2014;108.11;108.88;107.77;108.58
9-07-2014;108.89;108.99;108.14;108.16
8-07-2014;109.93;110.14;108.71;108.88
7-07-2014;110.64;110.92;109.89;109.92
4-07-2014;111.09;111.27;110.56;110.59
3-07-2014;110.92;111.17;110.54;111.08
2-07-2014;112.17;112.42;110.92;111.04
1-07-2014;112.40;112.81;111.86;112.02
30-06-2014;113.22;113.22;112.17;112.42
27-06-2014;113.03;113.70;112.92;113.21
26-06-2014;114.24;114.28;113.01;113.02
25-06-2014;114.47;114.47;113.25;114.18
24-06-2014;113.86;114.81;113.57;114.10
23-06-2014;114.98;115.64;113.88;113.99
20-06-2014;114.94;115.09;114.44;114.74
19-06-2014;114.25;115.69;114.18;114.91
18-06-2014;113.34;114.50;113.06;114.20
17-06-2014;112.94;113.78;112.17;113.31
16-06-2014;112.67;113.28;112.36;112.86
13-06-2014;112.94;114.06;112.01;112.30
12-06-2014;109.47;112.73;109.41;112.57
11-06-2014;108.96;109.57;108.78;109.50
10-06-2014;109.11;109.50;108.45;109.00
9-06-2014;107.86;109.30;107.78;109.08
6-06-2014;108.93;109.28;108.48;108.78
5-06-2014;108.12;108.97;107.78;108.89
4-06-2014;108.89;109.49;108.08;108.08
3-06-2014;108.82;108.99;108.34;108.86
2-06-2014;109.49;109.86;108.64;108.83
30-05-2014;110.10;110.12;109.23;109.56
29-05-2014;110.02;110.44;109.73;110.07
28-05-2014;110.19;110.40;109.44;110.06
27-05-2014;110.37;110.80;109.72;110.22
26-05-2014;110.44;110.50;109.77;110.36
23-05-2014;110.42;110.69;110.27;110.58
22-05-2014;110.48;111.00;110.17;110.41
21-05-2014;109.81;110.69;109.70;110.50
20-05-2014;109.37;110.00;109.12;109.82
19-05-2014;109.83;110.33;109.32;109.38
16-05-2014;109.08;110.02;108.90;109.72
15-05-2014;109.32;109.63;108.84;109.03
14-05-2014;108.66;109.55;108.63;109.19
13-05-2014;107.77;108.75;107.46;108.67
12-05-2014;107.47;108.17;107.39;107.78
9-05-2014;108.07;108.99;107.66;107.95
8-05-2014;108.11;108.14;107.39;108.01
7-05-2014;107.21;108.25;106.97;108.09
6-05-2014;107.54;108.20;106.98;107.12
5-05-2014;108.79;108.91;107.06;107.58
2-05-2014;107.77;108.94;107.60;108.61
1-05-2014;108.10;108.11;106.86;107.72
30-04-2014;108.77;108.78;107.56;108.20
29-04-2014;108.16;109.36;108.05;108.86
28-04-2014;109.57;110.20;107.89;108.12
25-04-2014;110.42;110.60;109.28;109.52
24-04-2014;109.19;110.61;109.10;110.41
23-04-2014;109.44;109.53;108.62;109.16
22-04-2014;109.89;109.99;108.56;109.42
21-04-2014;109.81;110.05;108.91;109.96
17-04-2014;109.65;110.17;109.11;109.69
16-04-2014;109.20;110.34;109.01;109.66
15-04-2014;108.83;109.72;108.33;109.19
14-04-2014;107.61;109.11;107.31;108.90
11-04-2014;107.34;107.84;106.99;107.19
10-04-2014;107.86;107.89;107.28;107.36
9-04-2014;107.55;108.07;107.13;107.84
8-04-2014;106.04;107.84;105.80;107.56
7-04-2014;106.39;106.61;105.12;105.97
4-04-2014;106.19;107.03;106.11;106.64
3-04-2014;104.66;106.31;104.46;106.20
2-04-2014;105.26;105.84;103.97;104.69
1-04-2014;107.75;107.78;105.12;105.27
31-03-2014;107.91;108.33;107.06;107.77
28-03-2014;107.68;108.39;107.62;108.03
27-03-2014;106.92;107.94;106.77;107.64
26-03-2014;106.97;107.33;106.50;106.97
25-03-2014;106.58;107.45;106.45;106.92
24-03-2014;106.84;107.50;106.46;106.57
21-03-2014;106.22;107.75;106.02;107.02
20-03-2014;105.87;106.72;105.44;106.26
19-03-2014;106.55;106.88;105.72;105.83
18-03-2014;106.34;106.83;105.88;106.69
17-03-2014;108.36;108.40;106.17;106.39
14-03-2014;106.84;108.45;106.77;108.28
13-03-2014;107.51;107.79;106.52;106.96
12-03-2014;107.67;107.82;106.93;107.62
11-03-2014;107.31;108.07;107.28;107.75
10-03-2014;108.20;108.25;107.22;107.28
7-03-2014;108.30;109.08;107.82;108.78
6-03-2014;107.57;108.55;107.39;108.35
5-03-2014;109.17;109.36;107.56;107.73
4-03-2014;111.27;111.32;109.02;109.14
3-03-2014;109.58;112.37;109.58;111.26
28-02-2014;108.77;109.31;108.41;109.14
27-02-2014;109.33;109.45;108.66;108.79
26-02-2014;109.61;109.97;109.21;109.47
25-02-2014;110.68;110.68;109.44;109.64
24-02-2014;109.99;110.75;109.51;110.69
21-02-2014;110.48;110.48;109.38;109.83
20-02-2014;110.33;110.49;109.59;110.49
19-02-2014;110.60;110.81;110.02;110.45
18-02-2014;109.07;110.69;108.85;110.61
17-02-2014;109.05;109.39;108.67;109.09
14-02-2014;108.56;109.25;107.89;108.96
13-02-2014;108.22;108.69;107.66;108.59
12-02-2014;108.27;108.98;108.07;108.23
11-02-2014;107.76;108.60;107.76;108.22
10-02-2014;108.85;109.00;107.77;107.77
7-02-2014;107.37;109.64;106.96;109.53
6-02-2014;106.33;107.47;106.17;107.34
5-02-2014;105.92;106.41;105.59;106.22
4-02-2014;105.90;106.22;105.52;106.06
3-02-2014;106.40;106.70;105.42;106.00
31-01-2014;107.88;107.90;106.32;106.36
30-01-2014;107.86;108.39;107.68;107.71
29-01-2014;107.41;108.01;106.94;107.79
28-01-2014;106.95;107.78;106.76;107.44
27-01-2014;108.02;108.08;106.45;106.97
24-01-2014;107.60;108.02;106.27;107.94
23-01-2014;108.12;108.28;107.38;107.61
22-01-2014;106.86;108.33;106.86;108.11
21-01-2014;106.27;108.00;106.27;106.84
20-01-2014;106.32;106.64;105.83;106.26
17-01-2014;105.48;106.92;105.45;106.31
16-01-2014;106.10;106.40;105.48;105.49
15-01-2014;105.28;106.71;105.07;106.03
14-01-2014;105.87;106.30;105.23;105.30
13-01-2014;106.70;106.94;105.60;105.67
10-01-2014;106.53;107.53;106.06;107.53
9-01-2014;107.34;108.19;106.12;106.47
8-01-2014;107.48;107.94;107.03;107.33
7-01-2014;107.06;107.69;106.89;107.43
6-01-2014;106.86;107.95;106.61;107.03
3-01-2014;107.85;108.63;106.81;106.94
2-01-2014;110.97;111.35;107.66;107.82
31-12-2013;111.23;111.52;110.44;110.92
30-12-2013;112.14;112.63;110.91;111.20
27-12-2013;111.97;112.78;111.53;112.11
26-12-2013;111.56;112.08;111.47;112.00
24-12-2013;111.64;112.06;111.43;112.00
23-12-2013;111.74;111.92;111.28;111.61
20-12-2013;110.05;111.90;109.88;111.75
19-12-2013;109.23;110.50;109.14;110.06
18-12-2013;108.36;109.67;107.82;109.31
17-12-2013;109.08;109.41;108.21;108.23
16-12-2013;108.70;110.39;108.54;109.06
13-12-2013;108.61;108.97;108.03;108.83
12-12-2013;109.55;109.97;108.45;108.62
11-12-2013;109.47;109.88;108.63;109.56
10-12-2013;109.33;110.45;108.56;109.46
9-12-2013;111.69;111.77;109.01;109.16
6-12-2013;111.03;112.03;110.95;111.71
5-12-2013;111.60;112.23;110.78;111.00
4-12-2013;112.89;113.00;111.49;111.59
3-12-2013;111.41;112.89;111.05;112.88
2-12-2013;109.66;112.31;109.32;111.40
29-11-2013;111.00;111.48;109.64;110.12
28-11-2013;111.54;111.54;110.62;110.92
27-11-2013;111.03;111.66;110.53;111.53
26-11-2013;111.05;111.45;110.44;111.04
25-11-2013;108.61;111.62;108.06;110.98
22-11-2013;110.08;111.31;109.67;110.62
21-11-2013;107.82;110.25;107.63;110.14
20-11-2013;107.25;108.36;106.52;107.84
19-11-2013;108.31;108.62;106.81;107.11
18-11-2013;108.42;108.72;107.56;108.28
15-11-2013;108.36;108.64;107.69;108.36
14-11-2013;106.86;108.94;106.84;108.38
13-11-2013;105.83;107.17;105.58;106.87
12-11-2013;106.30;107.03;105.28;105.78
11-11-2013;105.33;106.32;105.12;106.32
8-11-2013;103.50;105.30;102.99;105.02
7-11-2013;104.92;105.22;103.25;103.44
6-11-2013;105.66;106.36;104.87;104.89
5-11-2013;106.44;106.52;105.20;105.63
4-11-2013;105.80;106.58;105.13;106.18
1-11-2013;108.99;109.35;105.79;105.88
31-10-2013;109.72;109.86;108.56;108.97
30-10-2013;108.72;110.16;108.59;109.75
29-10-2013;109.25;109.44;108.47;108.83
28-10-2013;106.99;109.67;106.92;109.44
25-10-2013;106.96;107.39;106.28;107.16
24-10-2013;107.66;108.25;106.91;106.97
23-10-2013;110.00;110.06;107.35;107.58
22-10-2013;109.81;110.89;109.57;110.01
21-10-2013;110.03;110.14;109.21;109.78
18-10-2013;109.04;110.23;108.96;110.08
17-10-2013;110.50;110.67;108.72;109.03
16-10-2013;109.06;111.28;109.06;110.51
15-10-2013;110.20;110.48;108.88;109.02
14-10-2013;110.42;110.58;109.13;110.11
11-10-2013;111.69;111.83;110.56;110.95
10-10-2013;109.02;112.02;108.92;111.72
9-10-2013;110.17;110.24;108.22;109.05
8-10-2013;109.63;110.78;109.38;110.19
7-10-2013;109.20;110.12;107.94;109.61
4-10-2013;108.73;109.75;108.63;109.30
3-10-2013;109.06;109.83;108.59;108.67
2-10-2013;107.69;109.47;107.45;109.07
1-10-2013;108.39;108.39;106.81;107.70
30-09-2013;108.20;108.67;107.25;108.27
27-09-2013;109.03;109.66;108.11;108.44
26-09-2013;108.06;109.25;108.02;109.17
25-09-2013;108.75;110.08;107.89;108.03
24-09-2013;108.00;108.90;107.44;108.73
23-09-2013;109.25;109.44;107.81;107.97
20-09-2013;108.62;109.66;108.47;109.22
19-09-2013;110.97;111.25;108.53;108.81
18-09-2013;107.75;111.06;107.66;110.69
17-09-2013;109.84;110.00;107.44;107.76
16-09-2013;110.75;111.48;108.80;109.83
13-09-2013;111.86;111.86;110.57;111.72
12-09-2013;111.65;111.96;110.02;111.88
11-09-2013;111.35;112.50;111.03;111.66
10-09-2013;112.89;113.55;110.64;111.50
9-09-2013;115.77;116.17;113.02;113.17
6-09-2013;115.16;116.55;115.03;115.89
5-09-2013;114.88;115.55;114.31;115.45
4-09-2013;115.69;115.98;114.44;115.03
3-09-2013;114.40;115.98;114.07;115.70
2-09-2013;113.77;114.58;112.28;114.28
30-08-2013;114.22;115.41;113.64;114.04
29-08-2013;116.19;117.03;114.22;114.50
28-08-2013;115.14;117.33;114.89;116.14
27-08-2013;111.08;115.27;110.76;115.23
26-08-2013;111.46;111.61;110.51;110.98
23-08-2013;109.92;111.20;109.77;111.06
22-08-2013;109.62;110.14;109.42;109.93
21-08-2013;110.12;110.25;109.24;109.77
20-08-2013;109.63;110.67;108.67;110.14
19-08-2013;110.56;110.97;109.60;109.64
16-08-2013;109.53;110.70;109.18;110.62
15-08-2013;108.93;110.03;108.92;109.34
14-08-2013;108.14;108.96;107.77;108.92
13-08-2013;107.80;108.69;107.73;108.12
12-08-2013;106.75;107.91;106.31;107.85
9-08-2013;106.80;108.31;106.62;108.22
8-08-2013;107.24;107.86;105.86;106.77
7-08-2013;108.24;108.24;107.09;107.26
6-08-2013;108.66;109.22;107.47;108.23
5-08-2013;108.88;109.42;107.58;108.75
2-08-2013;109.45;110.08;108.39;108.93
1-08-2013;107.89;109.60;107.53;109.40
31-07-2013;106.80;107.95;105.75;107.87
30-07-2013;107.36;107.58;106.55;106.84
29-07-2013;107.36;107.83;106.60;107.54
26-07-2013;107.68;107.81;106.53;107.11
25-07-2013;107.00;107.86;106.56;107.67
24-07-2013;108.54;108.60;106.34;107.04
23-07-2013;108.23;108.62;107.57;108.43
22-07-2013;108.46;108.67;107.56;108.16
19-07-2013;108.77;109.17;107.02;108.47
18-07-2013;108.54;108.88;108.04;108.84
17-07-2013;107.94;108.73;107.31;108.72
16-07-2013;108.11;108.67;107.69;107.91
15-07-2013;107.93;108.25;107.14;108.06
12-07-2013;107.32;109.09;107.31;109.07
11-07-2013;108.35;108.92;107.04;107.25
10-07-2013;107.97;108.69;107.72;108.15
9-07-2013;107.25;108.26;106.87;108.14
8-07-2013;107.77;108.03;106.81;107.22
5-07-2013;105.57;107.88;105.39;107.71
4-07-2013;105.83;105.99;104.92;105.52
3-07-2013;104.42;106.00;104.39;105.85
2-07-2013;102.97;104.11;102.92;103.98
1-07-2013;102.07;103.67;101.66;102.96
28-06-2013;102.70;103.42;101.88;102.01
27-06-2013;101.77;103.33;101.67;102.69
26-06-2013;101.09;101.89;100.28;101.75
25-06-2013;100.98;102.06;100.71;101.19
24-06-2013;100.64;101.62;99.78;101.08
21-06-2013;102.11;103.09;100.05;100.94
20-06-2013;105.80;105.80;101.76;102.10
19-06-2013;106.06;106.58;105.45;105.79
18-06-2013;105.64;106.19;105.13;106.11
17-06-2013;105.88;106.66;105.31;105.66
14-06-2013;104.87;106.62;104.47;105.85
13-06-2013;103.36;105.11;102.80;104.97
12-06-2013;102.58;104.16;102.27;103.45
11-06-2013;103.81;103.84;101.89;102.56
10-06-2013;104.48;104.59;103.64;103.75
7-06-2013;103.61;105.00;102.91;104.72
6-06-2013;102.94;103.94;102.82;103.53
5-06-2013;103.46;104.06;102.85;102.92
4-06-2013;102.05;103.56;101.48;103.47
3-06-2013;100.15;102.41;99.67;102.15
31-05-2013;102.11;102.38;100.07;100.11
30-05-2013;102.24;102.84;101.09;102.22
29-05-2013;104.39;104.39;102.19;102.25
28-05-2013;102.58;104.69;102.49;104.36
27-05-2013;102.56;102.64;102.10;102.53
24-05-2013;102.55;102.78;101.66;102.61
23-05-2013;102.28;102.69;100.64;102.64
22-05-2013;103.52;103.79;102.25;102.32
21-05-2013;104.84;105.14;103.53;103.64
20-05-2013;104.63;105.31;103.86;104.78
17-05-2013;103.90;104.86;103.36;104.68
16-05-2013;103.49;104.28;102.77;103.92
15-05-2013;102.51;103.64;100.93;103.61
14-05-2013;102.63;102.92;101.93;102.54
13-05-2013;103.53;103.53;102.11;102.55
10-05-2013;104.22;104.44;101.56;103.78
9-05-2013;104.36;104.59;103.48;104.38
8-05-2013;104.09;104.78;103.54;104.28
7-05-2013;105.34;105.94;104.01;104.11
6-05-2013;104.20;105.53;103.91;105.36
3-05-2013;102.75;104.89;102.38;104.14
2-05-2013;99.70;102.96;99.67;102.77
1-05-2013;101.84;102.32;98.78;99.84
30-04-2013;103.81;104.00;101.49;101.66
29-04-2013;102.91;103.92;102.59;103.77
26-04-2013;103.05;103.47;102.28;102.95
25-04-2013;101.86;103.47;101.38;103.06
24-04-2013;100.44;102.00;100.22;101.85
23-04-2013;100.50;100.58;98.85;100.49
22-04-2013;99.44;101.01;99.22;100.43
19-04-2013;99.58;100.32;99.06;99.50
18-04-2013;97.34;99.82;96.76;99.59
17-04-2013;100.12;100.44;97.28;97.39
16-04-2013;99.05;100.36;98.03;100.14
15-04-2013;102.89;103.05;99.14;99.36
12-04-2013;104.29;104.39;101.09;102.97
11-04-2013;105.50;105.92;103.72;104.28
10-04-2013;106.25;106.46;105.17;105.59
9-04-2013;104.76;106.49;104.28;106.23
8-04-2013;104.46;105.54;103.42;104.77
5-04-2013;106.47;106.64;103.64;104.35
4-04-2013;107.17;108.05;105.31;106.39
3-04-2013;110.49;110.49;106.81;107.11
2-04-2013;110.90;111.78;110.02;110.31
1-04-2013;110.10;111.28;109.39;111.02
28-03-2013;109.84;110.11;109.03;109.83
27-03-2013;109.40;109.97;108.88;109.81
26-03-2013;108.14;109.58;107.73;109.39
25-03-2013;107.41;109.06;107.28;108.15
22-03-2013;107.33;107.94;106.97;107.61
21-03-2013;108.41;108.75;107.11;107.22
20-03-2013;107.59;108.92;107.53;108.52
19-03-2013;109.42;109.58;107.28;107.52
18-03-2013;109.22;109.67;107.83;109.52
15-03-2013;109.41;110.52;109.02;110.08
14-03-2013;108.09;109.41;107.86;109.34
13-03-2013;109.25;109.49;107.69;108.15
12-03-2013;109.59;110.70;108.92;109.17
11-03-2013;109.95;110.10;109.05;109.51
8-03-2013;110.83;111.32;109.17;110.65
7-03-2013;110.98;111.39;110.42;110.87
6-03-2013;111.81;112.23;110.47;110.99
5-03-2013;110.19;111.92;110.19;111.84
4-03-2013;110.47;110.86;109.58;110.08
1-03-2013;110.89;111.36;109.88;110.62
28-02-2013;112.06;112.56;110.88;110.97
27-02-2013;112.84;113.34;111.69;111.97
26-02-2013;113.39;114.31;112.44;112.97
25-02-2013;114.30;115.84;113.33;113.43
22-02-2013;113.66;114.78;113.62;114.25
21-02-2013;115.08;115.30;113.36;113.70
20-02-2013;117.27;117.66;115.03;115.14
19-02-2013;117.43;117.59;116.56;117.23
18-02-2013;117.87;118.17;116.92;117.42
15-02-2013;117.91;118.10;116.33;117.92
14-02-2013;117.99;118.29;117.26;118.03
13-02-2013;117.76;118.25;117.42;118.02
12-02-2013;117.27;117.99;116.89;117.78
11-02-2013;117.76;117.94;116.52;117.23
8-02-2013;117.48;119.14;117.32;118.89
7-02-2013;116.91;117.83;116.72;117.63
6-02-2013;116.48;117.05;115.75;116.89
5-02-2013;115.39;117.22;115.06;116.47
4-02-2013;116.56;116.64;115.33;115.54
1-02-2013;115.73;117.06;115.41;116.52
31-01-2013;115.00;115.75;114.28;115.60
30-01-2013;114.28;115.21;114.09;114.92
29-01-2013;113.39;114.47;113.07;114.22
28-01-2013;113.43;113.79;112.61;113.43
25-01-2013;113.35;113.83;112.84;113.46
24-01-2013;112.49;113.63;112.42;113.36
23-01-2013;112.45;113.16;112.07;112.83
22-01-2013;111.72;112.64;111.35;112.48
21-01-2013;111.73;111.96;111.42;111.80
18-01-2013;111.00;111.97;110.52;111.81
17-01-2013;109.90;111.36;109.46;110.93
16-01-2013;109.64;110.31;109.34;109.92
15-01-2013;111.10;111.46;109.56;109.63
14-01-2013;109.84;111.18;109.47;111.08
11-01-2013;111.82;111.90;109.69;110.58
10-01-2013;111.70;113.27;111.58;111.80
9-01-2013;112.06;112.20;111.14;111.66
8-01-2013;111.56;112.47;111.14;112.04
7-01-2013;111.44;111.67;110.56;111.58
4-01-2013;111.91;111.91;110.44;111.42
3-01-2013;112.19;112.42;111.66;111.89
2-01-2013;111.33;112.86;111.29;112.17
31-12-2012;110.33;111.33;109.41;111.27
28-12-2012;111.19;111.38;109.84;110.46
27-12-2012;110.97;111.32;110.11;110.93
26-12-2012;109.19;111.52;109.11;110.73
24-12-2012;109.18;109.19;108.14;109.08
21-12-2012;110.21;110.29;108.69;109.10
20-12-2012;110.11;110.66;109.72;110.22
19-12-2012;108.93;110.47;108.75;110.07
18-12-2012;107.98;108.98;107.94;108.95
17-12-2012;108.38;108.50;107.61;107.89
14-12-2012;106.69;108.28;106.58;108.21
13-12-2012;107.92;108.14;106.38;106.50
12-12-2012;106.74;108.92;106.74;108.01
11-12-2012;106.30;107.17;105.98;106.82
10-12-2012;106.50;107.50;105.94;106.29
7-12-2012;107.09;107.86;106.67;107.15
6-12-2012;108.81;109.16;106.64;107.06
5-12-2012;109.84;110.56;108.65;108.80
4-12-2012;110.83;110.89;109.18;109.82
3-12-2012;111.33;112.31;110.61;110.92
30-11-2012;110.49;111.31;110.26;111.19
29-11-2012;109.75;111.28;109.47;110.42
28-11-2012;110.03;110.17;108.45;109.69
27-11-2012;110.77;111.37;109.36;109.92
26-11-2012;111.28;111.41;110.28;110.78
23-11-2012;110.48;111.53;110.16;111.34
22-11-2012;110.98;111.17;110.14;110.41
21-11-2012;110.44;111.39;109.62;111.05
20-11-2012;111.55;111.81;109.03;110.47
19-11-2012;109.22;112.19;109.16;111.56
16-11-2012;107.67;109.25;107.67;109.18
15-11-2012;108.56;109.55;107.31;107.69
14-11-2012;107.08;109.28;106.89;108.70
13-11-2012;107.83;108.02;106.60;107.19
12-11-2012;108.59;109.36;107.56;107.84
9-11-2012;107.09;109.77;106.28;109.40
8-11-2012;106.96;108.16;106.22;107.08
7-11-2012;111.02;111.61;106.56;106.75
6-11-2012;107.83;111.31;107.16;111.03
5-11-2012;105.64;108.16;104.78;107.81
2-11-2012;108.19;108.79;105.55;105.75
1-11-2012;108.53;109.01;107.80;108.15
31-10-2012;109.03;109.80;108.32;108.47
30-10-2012;109.00;110.10;108.66;108.96
29-10-2012;109.12;110.25;108.53;109.29
26-10-2012;108.59;109.64;107.41;109.61
25-10-2012;107.85;109.28;107.53;108.56
24-10-2012;108.34;109.34;106.83;107.77
23-10-2012;109.60;109.81;107.33;108.25
22-10-2012;109.94;110.97;109.12;109.72
19-10-2012;112.42;113.25;109.95;110.14
18-10-2012;113.17;113.63;111.59;112.47
17-10-2012;113.91;114.31;112.81;113.21
16-10-2012;114.36;114.86;113.50;113.70
15-10-2012;113.59;114.47;112.47;114.47
12-10-2012;115.91;115.91;113.95;114.56
11-10-2012;114.57;116.02;114.46;115.72
10-10-2012;114.17;115.56;113.80;114.51
9-10-2012;112.06;114.70;111.98;114.42
8-10-2012;111.92;112.33;110.58;112.07
5-10-2012;112.24;112.91;110.56;111.90
4-10-2012;108.07;112.67;108.04;112.25
3-10-2012;111.30;111.34;107.71;108.08
2-10-2012;112.23;112.45;111.29;111.29
1-10-2012;112.30;113.25;111.50;112.23
28-09-2012;112.47;113.39;111.56;112.14
27-09-2012;110.11;112.53;109.70;112.47
26-09-2012;109.96;110.22;108.47;110.11
25-09-2012;109.86;111.44;109.47;109.95
24-09-2012;111.45;111.56;108.78;109.79
21-09-2012;110.56;111.69;110.11;111.56
20-09-2012;108.36;110.64;107.14;110.56
19-09-2012;111.67;112.97;107.47;108.22
18-09-2012;113.60;114.41;111.62;111.67
17-09-2012;116.75;117.02;111.58;113.59
14-09-2012;115.64;117.94;115.64;116.70
13-09-2012;115.27;116.86;114.44;115.73
12-09-2012;114.41;116.00;114.36;115.25
11-09-2012;114.26;114.83;113.92;114.41
10-09-2012;113.96;114.57;113.47;114.26
7-09-2012;112.60;114.64;112.42;114.54
6-09-2012;113.56;115.03;112.56;112.60
5-09-2012;114.11;114.36;112.78;113.78
4-09-2012;115.59;116.60;113.97;114.17
3-09-2012;114.70;115.97;114.05;115.78
31-08-2012;112.79;114.90;112.37;114.88
30-08-2012;112.73;113.43;112.27;112.79
29-08-2012;112.38;113.28;111.54;112.78
28-08-2012;112.59;113.09;111.72;112.40
27-08-2012;113.75;115.50;111.62;112.59
24-08-2012;114.59;115.27;113.01;113.47
23-08-2012;115.03;116.38;114.38;114.44
22-08-2012;114.86;115.25;113.56;115.03
21-08-2012;113.61;115.53;113.61;114.86
20-08-2012;113.78;114.64;112.92;113.61
17-08-2012;114.40;114.76;112.75;113.73
16-08-2012;114.48;115.40;113.69;114.40
15-08-2012;112.08;114.77;111.61;114.48
14-08-2012;111.58;112.42;111.28;112.08
13-08-2012;111.51;113.09;111.19;111.58
10-08-2012;113.30;113.52;111.33;113.38
9-08-2012;111.98;113.52;111.64;113.30
8-08-2012;111.69;113.28;110.88;112.03
7-08-2012;109.56;112.56;109.14;111.69
6-08-2012;108.85;109.75;107.92;109.56
3-08-2012;105.87;109.09;105.82;109.01
2-08-2012;105.81;107.28;105.03;105.87
1-08-2012;104.62;106.92;104.08;105.81
31-07-2012;106.05;106.52;104.11;104.59
30-07-2012;106.46;106.96;105.59;106.05
27-07-2012;105.33;106.64;105.14;106.55
26-07-2012;104.61;106.17;103.49;105.33
25-07-2012;103.05;104.71;102.11;104.64
24-07-2012;103.27;104.48;102.56;103.05
23-07-2012;106.67;106.86;102.43;103.27
20-07-2012;107.54;107.69;105.72;106.71
19-07-2012;105.54;108.17;105.28;107.54
18-07-2012;103.58;105.58;103.22;105.54
17-07-2012;103.14;104.74;102.81;103.58
16-07-2012;101.64;103.56;101.02;103.14
13-07-2012;100.67;103.44;100.54;102.69
12-07-2012;100.68;101.34;98.53;100.64
11-07-2012;97.95;100.81;97.83;100.68
10-07-2012;99.48;99.66;97.78;97.92
9-07-2012;98.31;101.05;98.03;100.31
6-07-2012;100.03;100.22;97.75;97.83
5-07-2012;99.80;102.33;99.31;100.03
4-07-2012;100.67;100.94;99.29;99.72
3-07-2012;97.25;101.56;97.11;100.67
2-07-2012;97.70;97.83;95.31;97.35
29-06-2012;92.00;98.25;91.78;97.62
28-06-2012;93.78;93.85;90.89;92.00
27-06-2012;92.81;93.89;91.73;93.78
26-06-2012;91.36;93.25;90.72;93.19
25-06-2012;91.43;91.75;89.64;91.36
22-06-2012;89.41;91.69;88.50;91.39
21-06-2012;92.33;92.48;88.92;89.23
20-06-2012;95.76;96.03;92.39;92.66
19-06-2012;95.99;96.78;94.58;95.79
18-06-2012;98.89;99.37;95.42;95.73
15-06-2012;97.82;98.10;97.00;97.53
14-06-2012;96.56;97.88;95.93;97.81
13-06-2012;96.97;98.04;96.36;96.53
12-06-2012;96.42;97.82;96.38;97.16
11-06-2012;100.33;101.90;96.23;96.25
8-06-2012;99.28;99.97;97.25;99.95
7-06-2012;100.89;102.44;99.08;99.17
6-06-2012;98.65;101.38;98.65;100.92
5-06-2012;98.97;99.61;97.70;98.65
4-06-2012;98.42;99.16;95.66;99.00
1-06-2012;101.64;101.95;97.56;98.75
31-05-2012;103.15;104.12;101.28;101.64
30-05-2012;106.88;106.88;102.89;103.17
29-05-2012;107.25;107.94;106.09;106.86
28-05-2012;106.82;108.04;106.82;107.28
25-05-2012;106.78;107.24;106.03;106.75
24-05-2012;105.86;107.22;105.05;106.84
23-05-2012;108.22;108.22;105.40;106.16
22-05-2012;109.22;109.38;107.81;108.25
21-05-2012;107.20;109.43;106.77;109.33
18-05-2012;106.98;107.97;106.41;107.14
17-05-2012;109.59;110.15;106.59;106.86
16-05-2012;111.07;111.44;109.11;109.34
15-05-2012;110.57;111.98;110.28;111.03
14-05-2012;111.58;111.62;109.61;110.33
11-05-2012;112.24;112.75;111.42;112.06
10-05-2012;112.70;113.64;112.14;112.24
9-05-2012;113.23;113.25;111.33;112.70
8-05-2012;113.39;113.63;110.53;113.23
7-05-2012;113.47;113.48;110.33;113.44
4-05-2012;115.96;116.29;111.78;113.47
3-05-2012;118.23;118.45;115.94;115.98
2-05-2012;119.70;119.80;117.66;118.33
1-05-2012;119.25;120.00;118.81;119.72
30-04-2012;119.65;119.80;118.75;119.42
27-04-2012;119.52;119.94;119.08;119.64
26-04-2012;119.08;120.16;118.80;119.58
25-04-2012;118.45;119.23;117.53;119.17
24-04-2012;118.71;118.94;117.86;118.45
23-04-2012;118.47;118.89;117.23;118.71
20-04-2012;118.00;119.69;117.89;118.85
19-04-2012;118.14;119.14;117.70;118.12
18-04-2012;118.67;118.84;116.70;118.20
17-04-2012;118.53;119.31;117.99;118.71
16-04-2012;121.39;121.39;118.20;118.44
13-04-2012;121.52;121.72;120.42;121.39
12-04-2012;119.84;121.73;119.19;121.53
11-04-2012;119.30;120.50;118.89;119.79
10-04-2012;122.00;122.24;119.12;119.39
9-04-2012;122.17;122.33;120.52;121.97
5-04-2012;122.52;123.53;121.81;123.30
4-04-2012;124.98;124.98;122.31;122.69
3-04-2012;125.37;125.92;124.31;124.98
2-04-2012;122.94;125.61;121.72;125.36
30-03-2012;122.58;124.03;122.58;122.92
29-03-2012;124.31;124.63;121.42;122.56
28-03-2012;125.20;125.21;123.55;124.25
27-03-2012;125.68;126.16;124.92;125.20
26-03-2012;125.09;125.89;124.60;125.73
23-03-2012;123.36;126.88;123.11;125.11
22-03-2012;123.98;124.27;122.31;123.32
21-03-2012;124.24;124.78;123.78;124.07
20-03-2012;125.31;125.41;123.22;124.05
19-03-2012;125.98;126.05;124.83;125.28
16-03-2012;122.86;126.15;122.49;126.06
15-03-2012;124.60;124.86;121.56;122.73
14-03-2012;125.56;126.17;124.31;124.47
13-03-2012;124.89;126.25;124.52;125.61
12-03-2012;125.12;125.14;123.69;125.05
9-03-2012;125.57;126.30;124.69;125.94
8-03-2012;124.06;126.31;123.81;125.57
7-03-2012;122.19;124.45;122.02;124.25
6-03-2012;124.31;124.36;121.59;122.19
5-03-2012;123.36;124.64;122.71;124.20
2-03-2012;126.06;126.11;123.14;123.63
1-03-2012;122.72;128.38;122.53;125.96
29-02-2012;121.70;123.19;120.53;122.95
28-02-2012;123.42;123.95;121.50;121.77
27-02-2012;125.28;125.51;123.08;123.38
24-02-2012;124.13;125.53;123.31;125.31
23-02-2012;122.75;124.50;122.11;124.12
22-02-2012;121.50;123.22;121.01;122.64
21-02-2012;120.08;121.89;119.22;121.50
20-02-2012;120.26;121.15;119.84;120.03
17-02-2012;120.06;120.68;118.86;119.76
16-02-2012;118.98;120.33;118.34;120.06
15-02-2012;117.49;119.89;117.45;119.04
14-02-2012;117.23;117.89;116.53;117.53
13-02-2012;117.27;117.94;116.91;117.23
10-02-2012;118.66;118.66;116.31;117.66
9-02-2012;117.83;118.77;117.28;118.66
8-02-2012;116.03;117.98;115.91;117.83
7-02-2012;116.46;117.50;115.61;116.05
6-02-2012;115.07;116.68;113.67;116.46
3-02-2012;112.48;114.69;111.94;114.66
2-02-2012;111.34;112.56;111.06;112.51
1-02-2012;111.11;112.78;111.03;111.35
31-01-2012;110.93;112.96;110.55;111.09
30-01-2012;111.59;111.75;110.25;111.04
27-01-2012;110.94;111.95;110.50;111.62
26-01-2012;110.43;111.89;110.28;111.07
25-01-2012;110.19;110.84;108.94;110.50
24-01-2012;110.83;111.11;109.72;110.32
23-01-2012;110.05;111.36;109.37;110.92
20-01-2012;111.53;112.06;109.47;110.11
19-01-2012;110.93;111.75;110.38;111.39
18-01-2012;111.50;112.20;110.33;110.94
17-01-2012;111.47;112.76;110.56;111.50
16-01-2012;110.77;111.60;110.52;111.42
13-01-2012;111.25;112.47;109.75;111.02
12-01-2012;112.69;115.08;110.36;111.09
11-01-2012;113.11;113.76;112.12;112.64
10-01-2012;112.28;114.00;112.28;113.32
9-01-2012;113.41;113.88;111.81;112.28
6-01-2012;112.59;113.67;112.06;113.48
5-01-2012;113.44;114.64;112.17;112.31
4-01-2012;112.14;113.94;111.30;113.44
3-01-2012;108.22;112.43;108.22;112.15
30-12-2011;107.98;108.24;106.65;107.22
29-12-2011;107.40;108.09;106.50;107.91
28-12-2011;108.94;109.47;106.78;107.45
27-12-2011;107.94;109.50;107.86;108.95
23-12-2011;107.80;108.55;107.41;107.98
22-12-2011;107.96;108.50;107.31;107.72
21-12-2011;107.08;108.12;106.17;107.94
20-12-2011;104.17;107.25;103.92;107.08
19-12-2011;103.04;104.56;102.39;103.85
16-12-2011;103.56;104.55;102.47;103.69
15-12-2011;103.93;105.73;103.03;103.22
14-12-2011;108.76;109.08;103.63;103.91
13-12-2011;107.13;110.42;106.92;109.19
12-12-2011;108.80;108.80;106.96;107.01
9-12-2011;107.73;108.98;107.12;108.94
8-12-2011;109.63;110.61;107.31;107.51
7-12-2011;110.65;111.49;109.03;109.66
6-12-2011;109.27;110.94;109.06;110.61
5-12-2011;110.34;111.59;109.22;109.34
2-12-2011;109.09;110.38;108.67;110.09
1-12-2011;110.42;111.25;108.22;108.99
30-11-2011;110.50;112.02;109.66;110.42
29-11-2011;108.62;111.00;108.36;110.49
28-11-2011;106.83;109.48;106.83;108.62
25-11-2011;107.56;107.78;105.86;106.55
24-11-2011;107.17;108.06;107.06;107.72
23-11-2011;108.76;108.84;106.83;107.04
22-11-2011;106.75;109.44;106.75;108.64
21-11-2011;107.53;107.75;105.67;106.75
18-11-2011;107.73;109.98;106.97;107.60
17-11-2011;110.89;111.97;107.55;107.74
16-11-2011;112.38;112.47;110.16;110.86
15-11-2011;111.35;112.60;111.07;112.42
14-11-2011;112.88;113.66;110.54;111.34
11-11-2011;113.12;114.89;113.02;114.09
10-11-2011;112.34;114.09;111.31;113.06
9-11-2011;115.42;115.74;111.78;112.22
8-11-2011;114.71;116.44;114.21;115.20
7-11-2011;112.48;115.08;111.31;114.83
4-11-2011;110.78;112.35;110.32;112.31
3-11-2011;109.45;111.22;107.85;110.87
2-11-2011;108.94;111.44;108.62;109.70
1-11-2011;109.10;109.66;106.14;109.42
31-10-2011;110.16;110.20;108.22;109.17
28-10-2011;112.25;112.34;109.67;110.03
27-10-2011;109.51;112.77;109.51;112.23
26-10-2011;110.97;111.75;108.81;109.53
25-10-2011;111.30;112.14;109.47;111.03
24-10-2011;109.66;111.60;109.39;111.30
21-10-2011;109.80;111.86;109.28;109.79
20-10-2011;108.42;110.09;107.33;109.92
19-10-2011;111.24;111.84;108.16;108.56
18-10-2011;109.98;111.88;108.47;111.17
17-10-2011;112.72;113.83;109.75;109.95
14-10-2011;109.12;112.83;108.88;112.69
13-10-2011;108.74;109.59;107.19;109.21
12-10-2011;107.56;110.04;107.19;108.72
11-10-2011;106.61;108.50;105.22;107.62
10-10-2011;104.06;107.25;103.78;107.08
7-10-2011;105.47;106.61;104.38;105.75
6-10-2011;102.67;105.86;101.56;105.47
5-10-2011;101.86;102.83;100.69;102.62
4-10-2011;100.62;102.39;99.12;101.89
3-10-2011;101.95;102.78;100.64;100.67
30-09-2011;104.95;104.95;101.78;102.30
29-09-2011;102.96;105.81;102.37;104.84
28-09-2011;107.06;107.39;103.25;103.31
27-09-2011;104.78;107.48;104.51;107.06
26-09-2011;103.85;105.33;101.67;104.93
23-09-2011;105.68;107.00;103.44;103.78
22-09-2011;109.20;109.20;104.86;105.33
21-09-2011;110.24;112.44;108.92;109.02
20-09-2011;109.28;111.56;108.73;110.44
19-09-2011;111.81;112.11;108.72;109.42
16-09-2011;112.36;114.22;111.53;112.08
15-09-2011;109.61;113.45;109.01;112.22
14-09-2011;109.58;110.15;108.16;109.59
13-09-2011;110.88;111.16;109.20;109.44
12-09-2011;110.12;111.39;108.46;110.86
9-09-2011;114.19;115.16;111.61;112.50
8-09-2011;116.12;116.59;114.02;114.08
7-09-2011;113.33;116.45;112.72;116.09
6-09-2011;109.89;113.50;109.84;113.23
5-09-2011;112.47;112.47;109.91;109.97
2-09-2011;114.13;114.59;111.38;112.58
1-09-2011;114.86;115.33;113.66;114.13
31-08-2011;113.92;115.19;113.53;114.55
30-08-2011;112.24;114.22;111.17;113.95
29-08-2011;111.00;112.72;110.54;112.23
26-08-2011;110.58;111.69;109.31;111.11
25-08-2011;110.33;111.44;109.03;110.42
24-08-2011;109.61;111.00;108.72;110.30
23-08-2011;108.27;110.19;107.25;109.69
22-08-2011;109.17;109.17;105.16;108.52
19-08-2011;106.36;109.34;105.08;109.17
18-08-2011;110.61;110.75;106.28;106.58
17-08-2011;109.47;111.72;109.08;110.56
16-08-2011;109.59;109.89;108.05;109.49
15-08-2011;107.87;109.89;107.23;109.60
12-08-2011;107.96;109.12;106.88;107.86
11-08-2011;105.16;108.20;104.43;108.01
10-08-2011;104.42;107.07;103.42;105.71
9-08-2011;103.33;105.86;98.81;104.92
8-08-2011;108.25;108.25;102.73;103.75
5-08-2011;107.33;110.14;104.34;109.49
4-08-2011;113.48;113.73;107.03;107.62
3-08-2011;116.03;116.30;112.87;113.45
2-08-2011;116.92;118.36;115.55;115.87
1-08-2011;117.02;119.91;114.86;116.67
29-07-2011;117.35;117.69;115.78;116.78
28-07-2011;117.31;118.67;117.06;117.35
27-07-2011;118.10;118.50;117.19;117.43
26-07-2011;117.63;119.00;116.56;118.06
25-07-2011;118.49;118.49;116.93;117.71
22-07-2011;117.94;118.80;117.38;118.56